"CASE_KEY","DELIVERY_COMPANY","PRODUCT_TYPE","FACTORY","ORDERED_QUANTITY","DELIVERED_QUANTITY","MIN_ORDER_TOLERANCE","MAX_ORDER_TOLERANCE","CUST_MARKET","CUST_ID","CUST_NAME","CUST_ADDR_CODE","DAYS_TO_DEL_DEADLINE","ORDER_TOLERANCE_MET","ORDER_DATE_MET","X_CEL_O2C_CASES.SAL_ORD_POS_QUAN","DELIVERED_QUANTITY_UNIT","WAREHOUSE_TYPE","DELIVERED_DATE","PROMISED_DATE","CUST_COUNTRY","ORDER_VALUE","UNIT_PRICE"
"15358791","UPS","Pallets","Aachen",101,101,0,0,"Retail","35755","Graf KG",1,0,1,1,101,"kg","Non-automated","2018-02-08 00:00:01","2018-02-08 00:00:01"," DE","663,36","6,57"
"15358391","UPS","Pallets","Aachen",308,308,0,0,"Retail","35755","Graf KG",1,-2,1,1,308,"kg","Non-automated","2018-02-01 00:00:01","2018-01-30 00:00:01"," DE","2064,14","6,7"
"15358392","UPS","Pallets","Aachen",1130,1130,0,0,"Retail","35755","Graf KG",1,4,1,0,1130,"kg","Non-automated","2018-02-01 00:00:01","2018-02-05 00:00:01"," DE","7599,28","6,73"
"15358491","UPS","Pallets","Aachen",161,161,0,0,"Retail","37789","Krauß AG",1,0,1,1,161,"kg","Non-automated","2018-01-30 00:00:01","2018-01-30 00:00:01"," DE","2538,0","15,76"
"15352991","UPS","Crates","Essen",2000,2330,-20,20,"Retail","93955","Ritter Adler GbR",1,0,0,1,2330,"kg","Non-automated","2018-02-06 00:00:01","2018-02-06 00:00:01"," DE","14679,0","6,3"
"15354392","UPS","Crates","Aachen",844,844,0,20,"Retail","68955","Fritz",1,0,1,1,844,"kg","Non-automated","2018-02-27 00:00:01","2018-02-27 00:00:01"," DE","6757,33","8,01"
"15354991","UPS","Crates","Essen",2000,2050,-20,20,"Retail","25595","Weigel AG & Co. KGaA",1,0,0,1,2050,"kg","Non-automated","2018-02-27 00:00:01","2018-02-27 00:00:01"," DE","13448,0","6,56"
"15354891","UPS","Crates","Aachen",12000,11821,-5,10,"Construction","79135","Bender KG",1,0,0,1,11821,"kg","Non-automated","2018-03-20 00:00:01","2018-03-20 00:00:01"," IL","62887,72","5,32"
"15315791","UPS","Pallets","Aachen",67,67,0,0,"Retail","67555","Becker",1,0,1,1,67,"kg","Non-automated","2018-01-15 00:00:01","2018-01-15 00:00:01"," DE","485,1","7,24"
"15315091","UPS","Crates","Aachen",1500,1732,-20,20,"Retail","91595","Jürgens",1,0,0,1,1732,"kg","Non-automated","2018-01-23 00:00:01","2018-01-23 00:00:01"," DE","9629,92","5,56"
"15315891","UPS","Crates","Aachen",1000,1056,-20,20,"Retail","91595","Jürgens",1,0,0,1,1056,"kg","Non-automated","2018-01-25 00:00:01","2018-01-25 00:00:01"," DE","6388,8","6,05"
"15315892","UPS","Crates","Aachen",5053,5053,-20,20,"Retail","91595","Jürgens",1,-6,1,1,5053,"kg","Non-automated","2018-01-25 00:00:01","2018-01-19 00:00:01"," DE","36179,48","7,16"
"15315292","UPS","Crates","Essen",3000,3335,-20,20,"Retail","91595","Jürgens",1,-4,0,1,3335,"kg","Non-automated","2018-01-30 00:00:01","2018-01-26 00:00:01"," DE","20210,1","6,06"
"15311791","UPS","Crates","Essen",2000,1980,-20,20,"Retail","91595","Jürgens",2,-4,1,1,1980,"kg","Non-automated","2018-01-23 00:00:01","2018-01-19 00:00:01"," DE","7702,2","3,89"
"15311991","UPS","Crates","Aachen",5056,5816,-20,20,"Retail","35955","Pietsch AG",1,-4,0,1,5816,"kg","Non-automated","2018-02-27 00:00:01","2018-02-23 00:00:01"," DE","28964,37","4,98"
"15311293","UPS","Pallets","Crefeld",146,146,0,0,"Retail","35955","Pietsch AG",1,0,1,1,146,"kg","Non-automated","2018-02-20 00:00:01","2018-02-20 00:00:01"," DE","1293,0","8,86"
"15311491","UPS","Pallets","Crefeld",385,384,0,0,"Retail","35955","Pietsch AG",1,9,0,0,384,"kg","Non-automated","2018-02-20 00:00:01","2018-03-01 00:00:01"," DE","3203,2","8,34"
"15316591","UPS","Pallets","Crefeld",28,28,0,0,"Retail","38955","Adam KG",5,0,1,1,28,"kg","Non-automated","2018-01-24 00:00:01","2018-01-24 00:00:01"," SE","417,07","14,9"
"15316592","UPS","Pallets","Crefeld",28,28,0,0,"Retail","38955","Adam KG",5,0,1,1,28,"kg","Non-automated","2018-01-24 00:00:01","2018-01-24 00:00:01"," SE","417,07","14,9"
"15316791","UPS","Pallets","Crefeld",296,297,0,0,"Retail","38955","Adam KG",1,-2,0,1,297,"kg","Non-automated","2018-01-31 00:00:01","2018-01-29 00:00:01"," SE","4424,8","14,9"
"15316991","DHL","Crates","Aachen",6316,6772,-5,10,"Construction","87406","Sommer Berndt AG & Co. KG",1,0,0,1,6772,"kg","Non-automated","2018-01-30 00:00:01","2018-01-30 00:00:01"," PL","33955,04","5,01"
"15316891","UPS","Pallets","Essen",32,32,0,0,"Retail","93955","Ritter Adler GbR",1,0,1,1,32,"kg","Non-automated","2018-01-16 00:00:01","2018-01-16 00:00:01"," DE","315,3","9,85"
"15316291","UPS","Pallets","Aachen",562,562,0,0,"Retail","37789","Krauß AG",1,0,1,1,562,"kg","Non-automated","2018-01-09 00:00:01","2018-01-09 00:00:01"," DE","4804,0","8,55"
"15317591","UPS","Crates","Aachen",5000,5099,-20,20,"Retail","17555","Kirchner",1,0,0,1,5099,"kg","Non-automated","2018-03-01 00:00:01","2018-03-01 00:00:01"," DE","27075,69","5,31"
"15317691","UPS","Pallets","Aachen",13,13,0,0,"Retail","67555","Becker",1,0,1,1,13,"kg","Non-automated","2018-01-15 00:00:01","2018-01-15 00:00:01"," DE","97,02","7,46"
"15317791","UPS","Pallets","Aachen",63,63,0,0,"Retail","67555","Becker",1,0,1,1,63,"kg","Non-automated","2018-01-15 00:00:01","2018-01-15 00:00:01"," DE","452,76","7,19"
"15313391","UPS","Crates","Essen",2000,2170,-20,20,"Retail","93955","Ritter Adler GbR",1,0,0,1,2170,"kg","Non-automated","2018-02-13 00:00:01","2018-02-13 00:00:01"," DE","13345,5","6,15"
"15313091","FedEx","Crates","Aachen",2695,1812,-5,15,"Retail","87479","Albers",1,0,0,1,1812,"kg","Non-automated","2018-03-29 00:00:01","2018-03-29 00:00:01"," CA","19111,26","10,55"
"15319692","UPS","Crates","Aachen",807,807,0,20,"Retail","68955","Fritz",1,0,1,1,807,"kg","Non-automated","2018-03-20 00:00:01","2018-03-20 00:00:01"," DE","6341,53","7,86"
"15319992","UPS","Crates","Aachen",540,719,0,20,"Retail","68955","Fritz",1,1,0,0,719,"kg","Non-automated","2018-03-27 00:00:01","2018-03-28 00:00:01"," DE","5650,62","7,86"
"15310191","UPS","Pallets","Aachen",94,94,0,0,"Retail","67555","Becker",1,-2,1,1,94,"kg","Non-automated","2018-01-17 00:00:01","2018-01-15 00:00:01"," DE","679,14","7,22"
"15310991","UPS","Crates","Essen",1000,1025,-20,20,"Retail","93955","Ritter Adler GbR",3,0,0,1,1025,"kg","Non-automated","2018-02-13 00:00:01","2018-02-13 00:00:01"," DE","6068,0","5,92"
"15310091","UPS","Pallets","Aachen",284,285,0,0,"Retail","37789","Krauß AG",1,0,0,1,285,"kg","Non-automated","2018-01-19 00:00:01","2018-01-19 00:00:01"," DE","4125,0","14,47"
"15318591","UPS","Pallets","Essen",114,114,0,0,"Retail","35955","Pietsch AG",1,0,1,1,114,"kg","Non-automated","2018-02-08 00:00:01","2018-02-08 00:00:01"," DE","700,4","6,14"
"15318592","UPS","Pallets","Essen",304,304,0,0,"Retail","35955","Pietsch AG",1,0,1,1,304,"kg","Non-automated","2018-02-08 00:00:01","2018-02-08 00:00:01"," DE","1731,4","5,7"
"15318593","UPS","Pallets","Essen",130,130,0,0,"Retail","35955","Pietsch AG",1,0,1,1,130,"kg","Non-automated","2018-02-08 00:00:01","2018-02-08 00:00:01"," DE","799,4","6,15"
"15318595","UPS","Pallets","Crefeld",26,26,0,0,"Retail","35955","Pietsch AG",1,-3,1,1,26,"kg","Non-automated","2018-02-08 00:00:01","2018-02-05 00:00:01"," DE","238,2","9,16"
"15318191","UPS","Pallets","Essen",222,222,0,0,"Retail","67555","Becker",1,0,1,1,222,"kg","Non-automated","2018-01-22 00:00:01","2018-01-22 00:00:01"," DE","1685,64","7,59"
"15318691","UPS","Pallets","Essen",107,107,0,0,"Retail","67555","Becker",1,0,1,1,107,"kg","Non-automated","2018-01-22 00:00:01","2018-01-22 00:00:01"," DE","1074,7","10,04"
"15318791","UPS","Pallets","Aachen",1415,1414,0,0,"Retail","67555","Becker",1,-2,0,1,1414,"kg","Non-automated","2018-01-17 00:00:01","2018-01-15 00:00:01"," DE","11663,2","8,25"
"15318091","UPS","Pallets","Essen",479,480,0,0,"Retail","67555","Becker",1,0,0,1,480,"kg","Non-automated","2018-01-17 00:00:01","2018-01-17 00:00:01"," DE","4636,5","9,66"
"15318891","UPS","Pallets","Aachen",106,106,0,0,"Retail","67555","Becker",1,-2,1,1,106,"kg","Non-automated","2018-01-17 00:00:01","2018-01-15 00:00:01"," DE","1593,96","15,04"
"15318291","UPS","Pallets","Aachen",53,53,0,0,"Retail","67555","Becker",1,-2,1,1,53,"kg","Non-automated","2018-01-17 00:00:01","2018-01-15 00:00:01"," DE","561,5","10,59"
"15312692","UPS","Pallets","Crefeld",14,14,0,0,"Retail","22069","Pietsch",1,-1,1,1,14,"kg","Non-automated","2018-01-24 00:00:01","2018-01-23 00:00:01"," DE","210,64","15,05"
"15312792","FedEx","Crates","Aachen",1333,1333,-10,10,"Construction","6155","Meißner GmbH & Co. KGaA",1,-1,1,1,1333,"kg","Non-automated","2018-03-07 00:00:01","2018-03-06 00:00:01"," CH","7278,18","5,46"
"153123913","DHL","Crates","Essen",984,1135,-10,25,"Retail","13669","Klemm Herold AG",3,14,0,0,1135,"kg","Non-automated","2018-02-02 00:00:01","2018-02-16 00:00:01"," AU","7218,6","6,36"
"15312394","DHL","Crates","Essen",12000,13175,-5,5,"Retail","13669","Klemm Herold AG",3,0,0,1,13175,"kg","Non-automated","2018-02-16 00:00:01","2018-02-16 00:00:01"," AU","60868,5","4,62"
"15312396","DHL","Crates","Essen",25000,26400,-5,5,"Retail","13669","Klemm Herold AG",3,7,0,0,1870,"kg","Non-automated","2018-02-09 00:00:01","2018-02-16 00:00:01"," AU","11145,2","5,96"
"15312397","DHL","Crates","Essen",6000,7140,-5,10,"Retail","13669","Klemm Herold AG",3,14,0,0,7140,"kg","Non-automated","2018-02-02 00:00:01","2018-02-16 00:00:01"," AU","42697,2","5,98"
"15312398","DHL","Crates","Essen",7500,8555,-5,10,"Retail","13669","Klemm Herold AG",3,0,0,1,8555,"kg","Non-automated","2018-02-16 00:00:01","2018-02-16 00:00:01"," AU","50902,25","5,95"
"15312399","DHL","Crates","Essen",5600,6255,-5,10,"Retail","13669","Klemm Herold AG",3,14,0,0,6255,"kg","Non-automated","2018-02-02 00:00:01","2018-02-16 00:00:01"," AU","37154,7","5,94"
"15312991","UPS","Crates","Aachen",1600,1707,-20,20,"Retail","13255","Hoffmann",7,0,0,1,1707,"kg","Non-automated","2018-03-15 00:00:01","2018-03-15 00:00:01"," IT","12546,45","7,35"
"15312291","UPS","Pallets","Essen",64,64,0,0,"Retail","67555","Becker",1,0,1,1,64,"kg","Non-automated","2018-01-17 00:00:01","2018-01-17 00:00:01"," DE","627,9","9,81"
"15314191","UPS","Pallets","Aachen",53,53,0,0,"Retail","67555","Becker",1,-2,1,1,53,"kg","Non-automated","2018-01-17 00:00:01","2018-01-15 00:00:01"," DE","561,5","10,59"
"15314691","UPS","Pallets","Aachen",59,59,0,0,"Retail","67555","Becker",1,-2,1,1,59,"kg","Non-automated","2018-01-17 00:00:01","2018-01-15 00:00:01"," DE","620,68","10,52"
"15314791","UPS","Pallets","Aachen",36,36,0,0,"Retail","67555","Becker",1,-2,1,1,36,"kg","Non-automated","2018-01-17 00:00:01","2018-01-15 00:00:01"," DE","258,72","7,19"
"15314092","UPS","Pallets","Aachen",55,55,0,0,"Retail","69555","Wiegand",2,0,1,1,55,"kg","Non-automated","2018-01-23 00:00:01","2018-01-23 00:00:01"," DE","520,23","9,46"
"15365691","UPS","Crates","Aachen",5106,5276,-20,20,"Retail","96405","Voß GmbH",4,-1,0,1,5276,"kg","Non-automated","2018-03-01 00:00:01","2018-02-28 00:00:01"," IT","31814,28","6,03"
"15365991","UPS","Pallets","Crefeld",436,437,0,0,"Retail","38955","Adam KG",5,0,0,1,437,"kg","Non-automated","2018-02-07 00:00:01","2018-02-07 00:00:01"," SE","6541,0","14,97"
"15365992","UPS","Pallets","Crefeld",436,438,0,0,"Retail","38955","Adam KG",5,0,0,1,438,"kg","Non-automated","2018-02-07 00:00:01","2018-02-07 00:00:01"," SE","6541,0","14,93"
"15365891","UPS","Pallets","Aachen",120,120,0,0,"Retail","67555","Becker",1,0,1,1,120,"kg","Non-automated","2018-01-22 00:00:01","2018-01-22 00:00:01"," DE","1069,7","8,91"
"15365291","UPS","Pallets","Essen",149,149,0,0,"Retail","67555","Becker",1,0,1,1,149,"kg","Non-automated","2018-01-22 00:00:01","2018-01-22 00:00:01"," DE","1127,98","7,57"
"15361691","UPS","Pallets","Aachen",906,906,0,0,"Retail","67555","Becker",1,0,1,1,906,"kg","Non-automated","2018-01-22 00:00:01","2018-01-22 00:00:01"," DE","7464,24","8,24"
"15361391","UPS","Pallets","Essen",192,192,0,0,"Retail","67555","Becker",1,0,1,1,192,"kg","Non-automated","2018-01-22 00:00:01","2018-01-22 00:00:01"," DE","1457,6","7,59"
"15361891","UPS","Pallets","Essen",71,71,0,0,"Retail","67555","Becker",1,0,1,1,71,"kg","Non-automated","2018-01-22 00:00:01","2018-01-22 00:00:01"," DE","718,06","10,11"
"15366391","UPS","Pallets","Aachen",704,702,0,0,"Retail","67555","Becker",1,-2,0,1,351,"kg","Non-automated","2018-01-31 00:00:01","2018-01-29 00:00:01"," DE","3002,16","8,55"
"15366891","UPS","Pallets","Aachen",320,320,0,0,"Retail","67555","Becker",1,-2,1,1,160,"kg","Non-automated","2018-01-31 00:00:01","2018-01-29 00:00:01"," DE","1366,47","8,54"
"15367891","UPS","Pallets","Aachen",46,46,0,0,"Retail","67555","Becker",1,-2,1,1,23,"kg","Non-automated","2018-01-31 00:00:01","2018-01-29 00:00:01"," DE","288,41","12,54"
"15367291","UPS","Pallets","Aachen",46,46,0,0,"Retail","67555","Becker",1,-2,1,1,23,"kg","Non-automated","2018-01-31 00:00:01","2018-01-29 00:00:01"," DE","288,41","12,54"
"15367491","UPS","Pallets","Aachen",46,46,0,0,"Retail","67555","Becker",1,-2,1,1,23,"kg","Non-automated","2018-01-31 00:00:01","2018-01-29 00:00:01"," DE","288,41","12,54"
"15363991","UPS","Pallets","Aachen",293,293,0,0,"Retail","67555","Becker",1,0,1,1,293,"kg","Non-automated","2018-01-22 00:00:01","2018-01-22 00:00:01"," DE","2829,2","9,66"
"15369691","UPS","Pallets","Aachen",103,103,0,0,"Retail","67555","Becker",1,0,1,1,103,"kg","Non-automated","2018-01-22 00:00:01","2018-01-22 00:00:01"," DE","743,82","7,22"
"15369491","UPS","Pallets","Aachen",108,108,0,0,"Retail","67555","Becker",1,0,1,1,108,"kg","Non-automated","2018-02-05 00:00:01","2018-02-05 00:00:01"," DE","776,16","7,19"
"15360391","UPS","Pallets","Aachen",164,164,0,0,"Retail","67555","Becker",1,0,1,1,164,"kg","Non-automated","2018-01-24 00:00:01","2018-01-24 00:00:01"," DE","1183,2","7,21"
"15360991","UPS","Pallets","Aachen",180,180,0,0,"Retail","67555","Becker",1,0,1,1,180,"kg","Non-automated","2018-01-29 00:00:01","2018-01-29 00:00:01"," DE","1301,52","7,23"
"15360091","UPS","Pallets","Aachen",180,180,0,0,"Retail","67555","Becker",1,0,1,1,180,"kg","Non-automated","2018-01-29 00:00:01","2018-01-29 00:00:01"," DE","1301,52","7,23"
"15368891","UPS","Pallets","Aachen",152,152,0,0,"Retail","67555","Becker",1,0,1,1,152,"kg","Non-automated","2018-01-24 00:00:01","2018-01-24 00:00:01"," DE","2148,3","14,13"
"15362191","UPS","Pallets","Aachen",49,49,0,0,"Retail","67555","Becker",1,0,1,1,49,"kg","Non-automated","2018-01-22 00:00:01","2018-01-22 00:00:01"," DE","385,5","7,87"
"15362691","UPS","Pallets","Aachen",176,176,0,0,"Retail","67555","Becker",1,0,1,1,176,"kg","Non-automated","2018-01-29 00:00:01","2018-01-29 00:00:01"," DE","1862,04","10,58"
"15362791","UPS","Pallets","Aachen",176,176,0,0,"Retail","67555","Becker",1,0,1,1,176,"kg","Non-automated","2018-01-29 00:00:01","2018-01-29 00:00:01"," DE","1862,04","10,58"
"15362991","UPS","Pallets","Aachen",880,880,0,0,"Retail","67555","Becker",1,-1,1,1,880,"kg","Non-automated","2018-01-31 00:00:01","2018-01-30 00:00:01"," DE","9310,2","10,58"
"15362091","UPS","Pallets","Aachen",59,59,0,0,"Retail","67555","Becker",1,-1,1,1,59,"kg","Non-automated","2018-01-31 00:00:01","2018-01-30 00:00:01"," DE","620,68","10,52"
"15362891","UPS","Pallets","Aachen",988,988,0,0,"Retail","67555","Becker",1,0,1,1,988,"kg","Non-automated","2018-01-24 00:00:01","2018-01-24 00:00:01"," DE","12812,94","12,97"
"15364591","UPS","Pallets","Aachen",59,59,0,0,"Retail","67555","Becker",1,0,1,1,59,"kg","Non-automated","2018-01-29 00:00:01","2018-01-29 00:00:01"," DE","881,02","14,93"
"15364191","UPS","Pallets","Aachen",59,59,0,0,"Retail","67555","Becker",1,0,1,1,59,"kg","Non-automated","2018-01-29 00:00:01","2018-01-29 00:00:01"," DE","881,02","14,93"
"15364691","UPS","Pallets","Aachen",357,357,0,0,"Retail","67555","Becker",1,0,1,1,357,"kg","Non-automated","2018-01-24 00:00:01","2018-01-24 00:00:01"," DE","2258,36","6,33"
"15364791","UPS","Pallets","Essen",551,551,0,0,"Retail","67555","Becker",1,0,1,1,551,"kg","Non-automated","2018-01-24 00:00:01","2018-01-24 00:00:01"," DE","5296,2","9,61"
"15364391","UPS","Pallets","Essen",424,424,0,0,"Retail","67555","Becker",1,0,1,1,424,"kg","Non-automated","2018-01-24 00:00:01","2018-01-24 00:00:01"," DE","4074,0","9,61"
"15364491","UPS","Crates","Aachen",2000,1676,-20,20,"Retail","82555","Eberhardt",1,2,0,0,1676,"kg","Non-automated","2018-02-06 00:00:01","2018-02-08 00:00:01"," DE","9988,96","5,96"
"15375191","UPS","Crates","Aachen",2080,2234,-20,20,"Retail","67655","Voigt",3,-2,0,1,2234,"kg","Non-automated","2018-01-31 00:00:01","2018-01-29 00:00:01"," DE","14699,72","6,58"
"15375391","UPS","Crates","Aachen",5018,5018,-20,20,"Retail","91595","Jürgens",1,0,1,1,5018,"kg","Non-automated","2018-02-06 00:00:01","2018-02-06 00:00:01"," DE","35075,82","6,99"
"15375393","UPS","Crates","Aachen",5351,5351,-20,20,"Retail","91595","Jürgens",1,0,1,1,5351,"kg","Non-automated","2018-02-06 00:00:01","2018-02-06 00:00:01"," DE","38313,16","7,16"
"15375991","UPS","Crates","Aachen",4000,4296,-20,20,"Retail","91595","Jürgens",1,0,0,1,4296,"kg","Non-automated","2018-02-08 00:00:01","2018-02-08 00:00:01"," DE","24358,32","5,67"
"15375091","UPS","Crates","Aachen",2000,2074,-20,20,"Retail","91595","Jürgens",1,0,0,1,2074,"kg","Non-automated","2018-03-20 00:00:01","2018-03-20 00:00:01"," DE","13584,7","6,55"
"15371692","UPS","Pallets","Aachen",627,627,0,0,"Retail","35755","Graf KG",1,0,1,1,627,"kg","Non-automated","2018-02-13 00:00:01","2018-02-13 00:00:01"," DE","4184,04","6,67"
"15371792","UPS","Pallets","Aachen",112,112,0,0,"Retail","35755","Graf KG",1,1,1,0,112,"kg","Non-automated","2018-02-22 00:00:01","2018-02-23 00:00:01"," DE","747,15","6,67"
"15371391","UPS","Pallets","Aachen",5152,5152,0,0,"Retail","35755","Graf KG",1,1,1,0,3005,"kg","Non-automated","2018-02-22 00:00:01","2018-02-23 00:00:01"," DE","20052,48","6,67"
"15371991","FedEx","Crates","Aachen",9072,9203,-5,10,"Construction","39695","Hein",4,17,0,0,8242,"kg","Non-automated","2018-03-30 00:00:01","2018-04-16 00:00:01"," CA","61676,265","8,93"
"15371891","DHL","Crates","Essen",2000,1860,-5,10,"Retail","46309","Wenzel AG & Co. KG",5,0,0,1,1860,"kg","Non-automated","2018-03-20 00:00:01","2018-03-20 00:00:01"," CZ","12183,0","6,55"
"15376791","UPS","Pallets","Essen",483,483,-10,25,"Retail","36555","Steinbach",1,-4,1,1,483,"kg","Non-automated","2018-02-06 00:00:01","2018-02-02 00:00:01"," DE","4022,72","8,33"
"15376991","UPS","Pallets","Essen",785,784,-5,15,"Retail","36555","Steinbach",1,0,1,1,784,"kg","Non-automated","2018-02-27 00:00:01","2018-02-27 00:00:01"," DE","4170,11","5,32"
"15376992","UPS","Pallets","Essen",785,784,-5,15,"Retail","36555","Steinbach",1,0,1,1,784,"kg","Non-automated","2018-02-13 00:00:01","2018-02-13 00:00:01"," DE","4170,11","5,32"
"15376891","UPS","Pallets","Aachen",120,120,0,0,"Retail","67555","Becker",1,0,1,1,120,"kg","Non-automated","2018-01-15 00:00:01","2018-01-15 00:00:01"," DE","1069,7","8,91"
"15376291","UPS","Crates","Essen",2100,2250,-20,20,"Retail","69555","Wiegand",2,-1,0,1,2250,"kg","Non-automated","2018-02-15 00:00:01","2018-02-14 00:00:01"," DE","12015,0","5,34"
"15377093","UPS","Pallets","Crefeld",230,230,0,0,"Retail","35955","Pietsch AG",1,2,1,0,230,"kg","Non-automated","2018-02-27 00:00:01","2018-03-01 00:00:01"," DE","1918,82","8,34"
"15377894","UPS","Pallets","Essen",588,588,0,0,"Retail","35955","Pietsch AG",1,-2,1,1,588,"kg","Non-automated","2018-03-01 00:00:01","2018-02-27 00:00:01"," DE","2436,2","4,14"
"15373691","UPS","Pallets","Aachen",484,484,0,0,"Retail","36555","Steinbach",1,-1,1,1,484,"kg","Non-automated","2018-01-30 00:00:01","2018-01-29 00:00:01"," DE","5899,41","12,19"
"15379591","UPS","Crates","Aachen",6000,5892,0,15,"Construction","80255","Noll",20,0,0,1,5892,"kg","Non-automated","2018-04-20 00:00:01","2018-04-20 00:00:01"," JP","36059,04","6,12"
"15379791","UPS","Pallets","Crefeld",29,29,0,0,"Retail","38955","Adam KG",1,-2,1,1,29,"kg","Non-automated","2018-01-31 00:00:01","2018-01-29 00:00:01"," SE","441,7","15,23"
"15379792","UPS","Pallets","Crefeld",29,29,0,0,"Retail","38955","Adam KG",1,-2,1,1,29,"kg","Non-automated","2018-01-31 00:00:01","2018-01-29 00:00:01"," SE","441,7","15,23"
"15379893","UPS","Pallets","Essen",235,235,0,0,"Retail","36555","Steinbach",1,0,1,1,235,"kg","Non-automated","2018-03-20 00:00:01","2018-03-20 00:00:01"," DE","2734,92","11,64"
"15379291","DHL","Crates","Aachen",3600,3816,-5,15,"Construction","26906","Thiel Bergmann e.G.",1,0,0,1,3816,"kg","Non-automated","2018-03-13 00:00:01","2018-03-13 00:00:01"," NO","28200,24","7,39"
"15370692","UPS","Crates","Aachen",1000,1059,-20,20,"Retail","82555","Eberhardt",1,-1,0,1,1059,"kg","Non-automated","2018-03-06 00:00:01","2018-03-05 00:00:01"," DE","6226,92","5,88"
"15370694","UPS","Crates","Aachen",2000,1671,-20,20,"Retail","82555","Eberhardt",1,-1,0,1,1671,"kg","Non-automated","2018-03-06 00:00:01","2018-03-05 00:00:01"," DE","9959,16","5,96"
"15370696","UPS","Crates","Aachen",2000,2322,-20,20,"Retail","82555","Eberhardt",1,-1,0,1,2322,"kg","Non-automated","2018-03-06 00:00:01","2018-03-05 00:00:01"," DE","14210,64","6,12"
"15370792","FedEx","Crates","Aachen",761,562,-5,15,"Retail","87479","Albers",1,-35,0,1,562,"kg","Non-automated","2018-05-04 00:00:01","2018-03-30 00:00:01"," CA","5823,9","10,36"
"15370991","UPS","Crates","Aachen",2000,1880,-20,20,"Retail","91595","Jürgens",1,-6,0,1,1880,"kg","Non-automated","2018-02-13 00:00:01","2018-02-07 00:00:01"," DE","10246,0","5,45"
"15370092","UPS","Crates","Essen",2000,2065,-5,15,"Construction","27995","Rausch",1,0,0,1,2065,"kg","Non-automated","2018-02-27 00:00:01","2018-02-27 00:00:01"," DE","9003,4","4,36"
"15370891","UPS","Pallets","Essen",1143,1361,0,0,"Retail","36555","Steinbach",1,0,0,1,1361,"kg","Non-automated","2018-02-27 00:00:01","2018-02-27 00:00:01"," DE","7934,96","5,83"
"15370291","UPS","Pallets","Essen",491,490,0,0,"Retail","36555","Steinbach",1,0,0,1,490,"kg","Non-automated","2018-03-20 00:00:01","2018-03-20 00:00:01"," DE","5928,64","12,1"
"15378791","UPS","Crates","Aachen",2800,2884,-5,15,"Construction","84195","Kühn GmbH",2,0,0,1,2884,"kg","Non-automated","2018-02-06 00:00:01","2018-02-06 00:00:01"," DE","26878,88","9,32"
"15378891","UPS","Pallets","Essen",7804,7905,-5,10,"Transportation","27339","Kuhn",2,-3,0,1,7905,"kg","Non-automated","2018-03-02 00:00:01","2018-02-27 00:00:01"," SE","35730,6","4,52"
"15378291","UPS","Crates","Essen",1825,1960,-20,20,"Retail","04555","Vogel Horn OHG mbH",6,0,0,1,1960,"kg","Non-automated","2018-04-18 00:00:01","2018-04-18 00:00:01"," FR","7428,4","3,79"
"15372691","UPS","Crates","Aachen",2047,2118,-20,20,"Retail","67655","Voigt",3,0,0,1,2118,"kg","Non-automated","2018-02-14 00:00:01","2018-02-14 00:00:01"," DE","24484,08","11,56"
"15372692","UPS","Crates","Aachen",5051,5530,-20,20,"Retail","67655","Voigt",3,0,0,1,5530,"kg","Non-automated","2018-02-14 00:00:01","2018-02-14 00:00:01"," DE","34562,5","6,25"
"15372792","UPS","Crates","Aachen",1400,1595,-10,10,"Retail","17555","Kirchner",2,0,0,1,1595,"kg","Non-automated","2018-01-30 00:00:01","2018-01-30 00:00:01"," DE","8788,45","5,51"
"15372991","UPS","Crates","Essen",1209,1260,-20,20,"Retail","77689","Hohmann GmbH",1,0,0,1,1260,"kg","Non-automated","2018-02-06 00:00:01","2018-02-06 00:00:01"," FR","6111,0","4,85"
"15372091","UPS","Pallets","Crefeld",670,671,0,0,"Retail","38955","Adam KG",5,0,0,1,671,"kg","Non-automated","2018-02-28 00:00:01","2018-02-28 00:00:01"," SE","10116,72","15,08"
"15372092","UPS","Pallets","Crefeld",670,670,0,0,"Retail","38955","Adam KG",5,12,1,0,670,"kg","Non-automated","2018-02-21 00:00:01","2018-03-05 00:00:01"," SE","10116,72","15,1"
"15374691","UPS","Crates","Aachen",2000,2142,-20,20,"Retail","04869","Hempel AG & Co. KG",1,0,0,1,2142,"kg","Non-automated","2018-04-09 00:00:01","2018-04-09 00:00:01"," DE","14115,78","6,59"
"15374692","UPS","Crates","Aachen",2000,2044,-20,20,"Retail","04869","Hempel AG & Co. KG",1,0,0,1,2044,"kg","Non-automated","2018-04-24 00:00:01","2018-04-24 00:00:01"," DE","13613,04","6,66"
"15374392","UPS","Crates","Aachen",2000,822,-20,20,"Retail","04869","Hempel AG & Co. KG",1,8,0,0,822,"kg","Non-automated","2018-05-15 00:00:01","2018-05-23 00:00:01"," DE","5482,74","6,67"
"15374091","UPS","Pallets","Aachen",152,152,0,0,"Retail","67555","Becker",1,0,1,1,152,"kg","Non-automated","2018-01-29 00:00:01","2018-01-29 00:00:01"," DE","2148,3","14,13"
"15374891","UPS","Crates","Aachen",6169,6191,-20,20,"Retail","67655","Voigt",3,0,0,1,6191,"kg","Non-automated","2018-02-14 00:00:01","2018-02-14 00:00:01"," DE","43832,28","7,08"
"15335692","UPS","Crates","Aachen",5700,5777,-5,10,"Construction","9669","Wolff",5,0,0,1,5777,"kg","Non-automated","2018-04-03 00:00:01","2018-04-03 00:00:01"," PL","38705,9","6,7"
"15335791","UPS","Pallets","Essen",491,492,0,0,"Retail","36555","Steinbach",1,-4,0,1,492,"kg","Non-automated","2018-02-06 00:00:01","2018-02-02 00:00:01"," DE","4822,41","9,8"
"15335992","UPS","Crates","Aachen",3900,4436,-20,20,"Retail","10315","Diehl",1,-2,0,1,4436,"kg","Non-automated","2018-03-01 00:00:01","2018-02-27 00:00:01"," SI","27148,32","6,12"
"15335993","UPS","Crates","Aachen",3000,3511,-20,20,"Retail","10315","Diehl",1,-9,0,1,3511,"kg","Non-automated","2018-03-08 00:00:01","2018-02-27 00:00:01"," SI","22049,08","6,28"
"15335491","UPS","Crates","Essen",3000,3290,0,20,"Retail","68955","Fritz",1,0,0,1,3290,"kg","Non-automated","2018-04-10 00:00:01","2018-04-10 00:00:01"," DE","15265,6","4,64"
"15331591","UPS","Crates","Aachen",6000,6277,0,20,"Retail","68955","Fritz",1,0,0,1,6277,"kg","Non-automated","2018-04-10 00:00:01","2018-04-10 00:00:01"," DE","32828,71","5,23"
"15336191","UPS","Pallets","Essen",183,183,0,0,"Retail","67555","Becker",1,0,1,1,183,"kg","Non-automated","2018-01-29 00:00:01","2018-01-29 00:00:01"," DE","1784,88","9,75"
"15336991","UPS","Crates","Essen",1030,1175,-20,20,"Retail","9945","Blum Herzog GbR",1,7,0,0,1175,"kg","Non-automated","2018-02-13 00:00:01","2018-02-20 00:00:01"," DE","8518,75","7,25"
"15337591","UPS","Pallets","Aachen",117,117,0,0,"Retail","67555","Becker",1,-2,1,1,117,"kg","Non-automated","2018-01-31 00:00:01","2018-01-29 00:00:01"," DE","925,2","7,91"
"15337091","UPS","Pallets","Essen",142,142,0,0,"Retail","67555","Becker",1,-2,1,1,142,"kg","Non-automated","2018-01-31 00:00:01","2018-01-29 00:00:01"," DE","1388,24","9,78"
"15333691","UPS","Pallets","Aachen",51,51,0,0,"Retail","35755","Graf KG",1,0,1,1,51,"kg","Non-automated","2018-02-13 00:00:01","2018-02-13 00:00:01"," DE","331,68","6,5"
"153339910","UPS","Pallets","Aachen",2250,2250,-5,15,"Construction","82895","Reimann AG",1,-9,1,1,2250,"kg","Non-automated","2018-05-03 00:00:01","2018-04-24 00:00:01"," FR","12285,0","5,46"
"153339911","UPS","Pallets","Aachen",758,757,-10,25,"Construction","82895","Reimann AG",1,-9,1,1,757,"kg","Non-automated","2018-05-03 00:00:01","2018-04-24 00:00:01"," FR","4133,22","5,46"
"153339913","UPS","Pallets","Essen",2140,2360,-5,15,"Construction","82895","Reimann AG",1,-1,0,1,2360,"kg","Non-automated","2018-04-25 00:00:01","2018-04-24 00:00:01"," FR","7906,0","3,35"
"15333999","UPS","Pallets","Aachen",1240,1240,-5,20,"Construction","82895","Reimann AG",1,-9,1,1,1240,"kg","Non-automated","2018-05-03 00:00:01","2018-04-24 00:00:01"," FR","6720,8","5,42"
"15333291","UPS","Pallets","Essen",191,191,0,0,"Retail","67555","Becker",1,-2,1,1,191,"kg","Non-automated","2018-01-31 00:00:01","2018-01-29 00:00:01"," DE","1833,3","9,6"
"15339691","UPS","Pallets","Essen",3244,3244,-5,15,"Construction","82895","Reimann AG",1,0,1,1,1730,"kg","Non-automated","2018-05-16 00:00:01","2018-05-16 00:00:01"," FR","5864,7","3,39"
"15339692","UPS","Pallets","Essen",3339,3339,-5,15,"Construction","82895","Reimann AG",1,-1,1,1,3339,"kg","Non-automated","2018-05-16 00:00:01","2018-05-15 00:00:01"," FR","11085,48","3,32"
"15339391","DHL","Pallets","Aachen",275,275,0,0,"Retail","1455","Kraft",1,0,1,1,275,"kg","Non-automated","2018-03-06 00:00:01","2018-03-06 00:00:01"," SI","3250,8","11,82"
"15339891","DHL","Crates","Essen",1000,1070,-20,20,"Retail","1455","Kraft",1,0,0,1,1070,"kg","Non-automated","2018-03-14 00:00:01","2018-03-14 00:00:01"," SI","6077,6","5,68"
"15339291","DHL","Pallets","Aachen",46,46,0,0,"Retail","1455","Kraft",1,-7,1,1,46,"kg","Non-automated","2018-03-21 00:00:01","2018-03-14 00:00:01"," SI","541,8","11,78"
"15339292","DHL","Pallets","Aachen",492,492,0,0,"Retail","1455","Kraft",1,0,1,1,492,"kg","Non-automated","2018-03-21 00:00:01","2018-03-21 00:00:01"," SI","5806,64","11,8"
"15330192","UPS","Pallets","Essen",318,318,0,20,"Retail","22069","Pietsch",1,0,1,1,318,"kg","Non-automated","2018-03-28 00:00:01","2018-03-28 00:00:01"," DE","2356,0","7,41"
"15330193","UPS","Pallets","Essen",318,318,0,20,"Retail","22069","Pietsch",1,0,1,1,318,"kg","Non-automated","2018-03-28 00:00:01","2018-03-28 00:00:01"," DE","2356,0","7,41"
"15330791","UPS","Pallets","Aachen",221,221,0,0,"Retail","67555","Becker",1,-2,1,1,221,"kg","Non-automated","2018-02-28 00:00:01","2018-02-26 00:00:01"," DE","1624,64","7,35"
"15330991","UPS","Crates","Aachen",5100,5910,-20,20,"Retail","69555","Wiegand",2,0,0,1,2303,"kg","Non-automated","2018-02-15 00:00:01","2018-02-15 00:00:01"," DE","12228,93","5,31"
"15338691","UPS","Pallets","Aachen",602,602,0,0,"Retail","67555","Becker",1,0,1,1,602,"kg","Non-automated","2018-02-05 00:00:01","2018-02-05 00:00:01"," DE","3810,45","6,33"
"15338791","UPS","Pallets","Essen",285,285,0,0,"Retail","67555","Becker",1,0,1,1,285,"kg","Non-automated","2018-02-05 00:00:01","2018-02-05 00:00:01"," DE","2776,48","9,74"
"15338493","UPS","Crates","Aachen",2000,1932,-20,20,"Retail","82555","Eberhardt",1,-6,0,1,1932,"kg","Non-automated","2018-04-10 00:00:01","2018-04-04 00:00:01"," DE","11901,12","6,16"
"15332791","UPS","Crates","Essen",1151,1045,-20,20,"Retail","94355","Brinkmann",1,-1,0,1,1045,"kg","Non-automated","2018-02-15 00:00:01","2018-02-14 00:00:01"," DE","6688,0","6,4"
"15332491","UPS","Pallets","Aachen",776,775,0,0,"Retail","35755","Graf KG",1,0,0,1,775,"kg","Non-automated","2018-03-08 00:00:01","2018-03-08 00:00:01"," DE","5238,72","6,76"
"15334391","DHL","Crates","Duisburg",865,865,0,10,"Retail","46309","Wenzel AG & Co. KG",1,4,1,0,865,"kg","Non-automated","2018-01-19 00:00:01","2018-01-23 00:00:01"," CZ","2465,25","2,85"
"15334092","UPS","Pallets","Crefeld",124,124,0,0,"Retail","36555","Steinbach",1,0,1,1,124,"kg","Non-automated","2018-02-13 00:00:01","2018-02-13 00:00:01"," DE","1494,0","12,05"
"15334891","UPS","Pallets","Crefeld",88,88,0,0,"Retail","36555","Steinbach",1,-1,1,1,88,"kg","Non-automated","2018-10-23 00:00:01","2018-10-22 00:00:01"," DE","1569,0","17,83"
"15334291","UPS","Crates","Aachen",5000,5044,-20,20,"Retail","17555","Kirchner",1,-1,0,1,5044,"kg","Non-automated","2018-03-08 00:00:01","2018-03-07 00:00:01"," DE","26783,64","5,31"
"15395391","UPS","Pallets","Aachen",442,442,0,0,"Retail","67555","Becker",1,0,1,1,442,"kg","Non-automated","2018-01-29 00:00:01","2018-01-29 00:00:01"," DE","3249,28","7,35"
"15395891","UPS","Pallets","Aachen",61,61,0,0,"Retail","67555","Becker",1,0,1,1,61,"kg","Non-automated","2018-02-05 00:00:01","2018-02-05 00:00:01"," DE","645,36","10,58"
"15395491","UPS","Crates","Aachen",2169,2169,-10,10,"Retail","69555","Wiegand",2,0,1,1,2169,"kg","Non-automated","2018-02-15 00:00:01","2018-02-15 00:00:01"," DE","19152,27","8,83"
"153911911","FedEx","Pallets","Essen",554,554,-10,25,"Construction","6155","Meißner GmbH & Co. KGaA",2,0,1,1,554,"kg","Non-automated","2018-03-21 00:00:01","2018-03-21 00:00:01"," CH","3558,1","6,42"
"15391194","FedEx","Pallets","Aachen",768,768,-10,25,"Construction","6155","Meißner GmbH & Co. KGaA",2,0,1,1,768,"kg","Non-automated","2018-04-10 00:00:01","2018-04-10 00:00:01"," CH","5932,5","7,72"
"15391195","FedEx","Pallets","Essen",447,447,-10,25,"Construction","6155","Meißner GmbH & Co. KGaA",2,0,1,1,447,"kg","Non-automated","2018-03-21 00:00:01","2018-03-21 00:00:01"," CH","2664,5","5,96"
"15391391","UPS","Crates","Aachen",5056,5119,-20,20,"Retail","35955","Pietsch AG",1,-7,0,1,5119,"kg","Non-automated","2018-03-08 00:00:01","2018-03-01 00:00:01"," DE","26028,93","5,08"
"15391093","UPS","Pallets","Crefeld",287,286,0,0,"Retail","35955","Pietsch AG",1,0,0,1,286,"kg","Non-automated","2018-03-15 00:00:01","2018-03-15 00:00:01"," DE","2343,6","8,19"
"15391892","UPS","Pallets","Essen",1880,1881,0,0,"Retail","35955","Pietsch AG",1,0,0,1,1881,"kg","Non-automated","2018-03-15 00:00:01","2018-03-15 00:00:01"," DE","11930,4","6,34"
"15391491","UPS","Pallets","Crefeld",280,280,0,0,"Retail","35955","Pietsch AG",1,0,1,1,280,"kg","Non-automated","2018-03-08 00:00:01","2018-03-08 00:00:01"," DE","2225,7","7,95"
"15391492","UPS","Pallets","Essen",407,407,0,0,"Retail","35955","Pietsch AG",1,-1,1,1,407,"kg","Non-automated","2018-03-14 00:00:01","2018-03-13 00:00:01"," DE","2038,5","5,01"
"15396592","UPS","Pallets","Essen",542,543,0,0,"Retail","35955","Pietsch AG",1,0,0,1,543,"kg","Non-automated","2018-03-20 00:00:01","2018-03-20 00:00:01"," DE","2248,8","4,14"
"15396791","UPS","Crates","Essen",2000,2090,-20,20,"Retail","17555","Kirchner",1,0,0,1,2090,"kg","Non-automated","2018-01-25 00:00:01","2018-01-25 00:00:01"," DE","10261,9","4,91"
"15397791","UPS","Crates","Aachen",5000,4869,-5,15,"Construction","10389","Krämer",8,0,0,1,4869,"kg","Non-automated","2018-04-18 00:00:01","2018-04-18 00:00:01"," FR","31307,67","6,43"
"15397391","UPS","Crates","Aachen",4000,4137,-5,15,"Construction","60995","Schreiner",1,-1,0,1,4137,"kg","Non-automated","2018-03-28 00:00:01","2018-03-27 00:00:01"," FR","26063,1","6,3"
"15397992","FedEx","Crates","Essen",4300,4535,-5,15,"Construction","6155","Meißner GmbH & Co. KGaA",1,-7,0,1,4535,"kg","Non-automated","2018-05-16 00:00:01","2018-05-09 00:00:01"," CH","23355,25","5,15"
"15397993","FedEx","Crates","Aachen",5700,5897,-5,10,"Construction","6155","Meißner GmbH & Co. KGaA",1,0,0,1,5897,"kg","Non-automated","2018-04-11 00:00:01","2018-04-11 00:00:01"," CH","33494,96","5,68"
"15397994","FedEx","Crates","Aachen",5200,5109,-5,10,"Construction","6155","Meißner GmbH & Co. KGaA",1,0,0,1,5109,"kg","Non-automated","2018-04-11 00:00:01","2018-04-11 00:00:01"," CH","28814,76","5,64"
"15397092","FedEx","Crates","Aachen",5200,5955,-5,20,"Construction","6155","Meißner GmbH & Co. KGaA",1,-8,0,1,5955,"kg","Non-automated","2018-04-18 00:00:01","2018-04-10 00:00:01"," CH","34419,9","5,78"
"15397891","FedEx","Pallets","Crefeld",12,12,-10,25,"Construction","6155","Meißner GmbH & Co. KGaA",2,-8,1,1,12,"kg","Non-automated","2018-05-02 00:00:01","2018-04-24 00:00:01"," CH","76,7","6,39"
"15397892","FedEx","Pallets","Essen",14,14,-10,25,"Construction","6155","Meißner GmbH & Co. KGaA",2,-8,1,1,14,"kg","Non-automated","2018-05-02 00:00:01","2018-04-24 00:00:01"," CH","88,9","6,35"
"15397894","FedEx","Pallets","Essen",85,85,-10,25,"Construction","6155","Meißner GmbH & Co. KGaA",2,-8,1,1,85,"kg","Non-automated","2018-05-02 00:00:01","2018-04-24 00:00:01"," CH","512,1","6,02"
"15397895","FedEx","Pallets","Essen",40,40,-10,25,"Construction","6155","Meißner GmbH & Co. KGaA",2,-8,1,1,40,"kg","Non-automated","2018-05-02 00:00:01","2018-04-24 00:00:01"," CH","254,4","6,36"
"15397292","UPS","Crates","Essen",5000,5240,-5,15,"Construction","05889","Ackermann",1,-2,0,1,5240,"kg","Non-automated","2018-02-28 00:00:01","2018-02-26 00:00:01"," FR","23946,8","4,57"
"15397492","FedEx","Crates","Aachen",5200,5480,-5,10,"Construction","6155","Meißner GmbH & Co. KGaA",1,6,0,0,5480,"kg","Non-automated","2018-04-05 00:00:01","2018-04-11 00:00:01"," CH","31674,4","5,78"
"15393691","UPS","Pallets","Essen",491,490,0,0,"Retail","36555","Steinbach",1,0,0,1,490,"kg","Non-automated","2018-03-27 00:00:01","2018-03-27 00:00:01"," DE","4822,4","9,84"
"15393791","UPS","Crates","Essen",1344,1440,-5,15,"Transportation","72255","Reinhardt",3,-5,0,1,1440,"kg","Non-automated","2018-03-06 00:00:01","2018-03-01 00:00:01"," SE","9129,6","6,34"
"15393991","UPS","Crates","Aachen",870,921,-20,20,"Retail","10315","Diehl",1,-1,0,1,921,"kg","Non-automated","2018-03-08 00:00:01","2018-03-07 00:00:01"," SI","6502,26","7,06"
"15393091","UPS","Pallets","Essen",785,1006,-5,15,"Retail","36555","Steinbach",1,2,0,0,1006,"kg","Non-automated","2018-04-24 00:00:01","2018-04-26 00:00:01"," DE","5347,04","5,32"
"15393092","UPS","Pallets","Essen",785,784,-5,15,"Retail","36555","Steinbach",1,0,1,1,784,"kg","Non-automated","2018-03-27 00:00:01","2018-03-27 00:00:01"," DE","4170,11","5,32"
"15393093","UPS","Pallets","Essen",785,784,-5,15,"Retail","36555","Steinbach",1,0,1,1,784,"kg","Non-automated","2018-04-10 00:00:01","2018-04-10 00:00:01"," DE","4170,11","5,32"
"15393891","UPS","Pallets","Essen",785,774,0,0,"Retail","36555","Steinbach",1,0,0,1,774,"kg","Non-automated","2018-04-10 00:00:01","2018-04-10 00:00:01"," DE","4110,6","5,31"
"15393893","UPS","Pallets","Essen",785,786,0,0,"Retail","36555","Steinbach",1,0,0,1,786,"kg","Non-automated","2018-03-20 00:00:01","2018-03-20 00:00:01"," DE","4171,05","5,31"
"15393293","UPS","Pallets","Essen",784,785,0,0,"Retail","36555","Steinbach",1,-1,0,1,785,"kg","Non-automated","2018-07-03 00:00:01","2018-07-02 00:00:01"," DE","4165,38","5,31"
"15393491","UPS","Pallets","Essen",798,578,0,0,"Retail","36555","Steinbach",1,-15,0,1,578,"kg","Non-automated","2018-11-06 00:00:01","2018-10-22 00:00:01"," DE","3069,37","5,31"
"15399391","UPS","Pallets","Aachen",678,679,0,0,"Retail","67555","Becker",1,-2,0,1,679,"kg","Non-automated","2018-02-07 00:00:01","2018-02-05 00:00:01"," DE","5789,88","8,53"
"15390191","UPS","Pallets","Aachen",122,122,0,0,"Retail","67555","Becker",1,-2,1,1,122,"kg","Non-automated","2018-02-07 00:00:01","2018-02-05 00:00:01"," DE","1832,12","15,02"
"15390091","UPS","Pallets","Aachen",49,49,0,0,"Retail","67555","Becker",1,-2,1,1,49,"kg","Non-automated","2018-02-07 00:00:01","2018-02-05 00:00:01"," DE","354,96","7,24"
"15390492","UPS","Crates","Essen",2000,2210,-20,20,"Retail","73995","Oswald",1,0,0,1,2210,"kg","Non-automated","2018-03-20 00:00:01","2018-03-20 00:00:01"," DE","11624,6","5,26"
"15398692","UPS","Pallets","Crefeld",214,214,0,0,"Retail","37789","Krauß AG",1,-1,1,1,214,"kg","Non-automated","2018-02-09 00:00:01","2018-02-08 00:00:01"," DE","3166,0","14,79"
"15392191","UPS","Pallets","Aachen",244,245,0,0,"Retail","67555","Becker",1,-2,0,1,245,"kg","Non-automated","2018-02-07 00:00:01","2018-02-05 00:00:01"," DE","2581,44","10,54"
"15392391","UPS","Crates","Essen",1209,1345,-20,20,"Retail","77689","Hohmann GmbH",1,0,0,1,1345,"kg","Non-automated","2018-03-06 00:00:01","2018-03-06 00:00:01"," FR","6496,35","4,83"
"15392392","UPS","Crates","Essen",1245,1305,-20,20,"Retail","77689","Hohmann GmbH",1,-1,0,1,1305,"kg","Non-automated","2018-03-07 00:00:01","2018-03-06 00:00:01"," FR","7882,2","6,04"
"15392894","DHL","Crates","Essen",2000,2235,-5,15,"Retail","14905","Bruns",2,2,0,0,2235,"kg","Non-automated","2018-03-26 00:00:01","2018-03-28 00:00:01"," AU","10415,1","4,66"
"15392291","UPS","Pallets","Essen",164,164,0,0,"Retail","35955","Pietsch AG",1,0,1,1,164,"kg","Non-automated","2018-01-24 00:00:01","2018-01-24 00:00:01"," DE","997,8","6,08"
"15394591","UPS","Crates","Aachen",2080,1988,-20,20,"Retail","67655","Voigt",3,0,0,1,1988,"kg","Non-automated","2018-02-21 00:00:01","2018-02-21 00:00:01"," DE","13081,04","6,58"
"15394791","UPS","Crates","Essen",2000,1370,-30,30,"Retail","91595","Jürgens",1,0,0,1,1370,"kg","Non-automated","2018-02-15 00:00:01","2018-02-15 00:00:01"," DE","6274,6","4,58"
"15394391","UPS","Crates","Aachen",2000,2109,-20,20,"Retail","91595","Jürgens",1,0,0,1,2109,"kg","Non-automated","2018-02-20 00:00:01","2018-02-20 00:00:01"," DE","12021,3","5,7"
"15305591","UPS","Crates","Aachen",2000,2569,-30,30,"Retail","07305","Huber AG",1,-1,0,1,2569,"kg","Non-automated","2018-02-14 00:00:01","2018-02-13 00:00:01"," DE","15696,59","6,11"
"15305192","UPS","Crates","Essen",1000,1080,0,20,"Retail","68955","Fritz",1,0,0,1,1080,"kg","Non-automated","2018-02-13 00:00:01","2018-02-13 00:00:01"," DE","5680,8","5,26"
"15301691","DHL","Pallets","Essen",3708,3668,0,0,"Retail","46309","Wenzel AG & Co. KG",1,0,0,1,3668,"kg","Non-automated","2018-04-24 00:00:01","2018-04-24 00:00:01"," CZ","20123,04","5,49"
"15301491","UPS","Pallets","Aachen",73,73,0,0,"Retail","67555","Becker",1,0,1,1,73,"kg","Non-automated","2018-02-19 00:00:01","2018-02-19 00:00:01"," DE","578,25","7,92"
"15306691","UPS","Pallets","Aachen",223,223,0,0,"Retail","67555","Becker",1,0,1,1,223,"kg","Non-automated","2018-02-14 00:00:01","2018-02-14 00:00:01"," DE","1762,75","7,9"
"15306391","UPS","Pallets","Aachen",134,134,0,0,"Retail","67555","Becker",1,0,1,1,134,"kg","Non-automated","2018-02-19 00:00:01","2018-02-19 00:00:01"," DE","1057,65","7,89"
"15306491","UPS","Pallets","Aachen",27,27,0,0,"Retail","67555","Becker",1,-2,1,1,27,"kg","Non-automated","2018-02-21 00:00:01","2018-02-19 00:00:01"," DE","211,53","7,83"
"15307491","UPS","Pallets","Aachen",151,150,0,0,"Retail","67555","Becker",1,0,0,1,150,"kg","Non-automated","2018-02-14 00:00:01","2018-02-14 00:00:01"," DE","1900,92","12,67"
"15303591","UPS","Pallets","Aachen",50,50,0,0,"Retail","67555","Becker",1,0,1,1,50,"kg","Non-automated","2018-02-14 00:00:01","2018-02-14 00:00:01"," DE","633,64","12,67"
"15303891","UPS","Pallets","Aachen",1084,1084,0,0,"Retail","91595","Jürgens",3,0,1,1,1084,"kg","Non-automated","2018-03-13 00:00:01","2018-03-13 00:00:01"," DE","6418,0","5,92"
"15303291","UPS","Pallets","Essen",497,497,0,0,"Retail","91595","Jürgens",3,0,1,1,497,"kg","Non-automated","2018-03-06 00:00:01","2018-03-06 00:00:01"," DE","2559,0","5,15"
"15303491","UPS","Pallets","Essen",716,716,0,0,"Retail","91595","Jürgens",3,0,1,1,716,"kg","Non-automated","2018-03-13 00:00:01","2018-03-13 00:00:01"," DE","3684,0","5,15"
"15309691","UPS","Crates","Aachen",2025,1492,-10,10,"Retail","96405","Voß GmbH",4,0,0,1,1492,"kg","Non-automated","2018-03-22 00:00:01","2018-03-22 00:00:01"," IT","9996,4","6,7"
"15309991","UPS","Pallets","Aachen",331,331,0,0,"Retail","67555","Becker",1,0,1,1,331,"kg","Non-automated","2018-03-12 00:00:01","2018-03-12 00:00:01"," DE","2436,96","7,36"
"15309891","UPS","Pallets","Aachen",50,50,0,0,"Retail","67555","Becker",1,0,1,1,50,"kg","Non-automated","2018-02-14 00:00:01","2018-02-14 00:00:01"," DE","633,64","12,67"
"15300691","UPS","Pallets","Essen",42,42,0,0,"Retail","67555","Becker",1,0,1,1,42,"kg","Non-automated","2018-02-14 00:00:01","2018-02-14 00:00:01"," DE","426,72","10,16"
"15300791","UPS","Pallets","Essen",63,63,0,0,"Retail","67555","Becker",1,0,1,1,63,"kg","Non-automated","2018-02-14 00:00:01","2018-02-14 00:00:01"," DE","640,08","10,16"
"15300391","UPS","Pallets","Aachen",122,122,0,0,"Retail","67555","Becker",1,0,1,1,122,"kg","Non-automated","2018-02-14 00:00:01","2018-02-14 00:00:01"," DE","1176,68","9,64"
"15300292","UPS","Crates","Aachen",2047,2034,-20,20,"Retail","67655","Voigt",3,-1,1,1,2034,"kg","Non-automated","2018-02-28 00:00:01","2018-02-27 00:00:01"," DE","27052,2","13,3"
"15300492","UPS","Crates","Essen",1400,1540,-10,10,"Retail","93955","Ritter Adler GbR",1,0,0,1,1540,"kg","Non-automated","2018-03-20 00:00:01","2018-03-20 00:00:01"," DE","11288,2","7,33"
"15308791","UPS","Pallets","Crefeld",1,1,0,0,"Retail","22069","Pietsch",1,0,1,1,1,"kg","Non-automated","2018-01-30 00:00:01","2018-01-30 00:00:01"," DE","25,1","25,1"
"15308792","UPS","Pallets","Crefeld",4,4,0,0,"Retail","22069","Pietsch",1,0,1,1,4,"kg","Non-automated","2018-01-30 00:00:01","2018-01-30 00:00:01"," DE","99,94","24,99"
"15308991","UPS","Pallets","Crefeld",405,401,0,0,"Retail","35955","Pietsch AG",1,0,0,1,401,"kg","Non-automated","2018-03-22 00:00:01","2018-03-22 00:00:01"," DE","3344,97","8,34"
"15308494","UPS","Pallets","Essen",368,368,0,0,"Retail","35955","Pietsch AG",1,-2,1,1,368,"kg","Non-automated","2018-03-22 00:00:01","2018-03-20 00:00:01"," DE","1846,5","5,02"
"15302991","UPS","Pallets","Essen",44,44,0,0,"Retail","67555","Becker",1,0,1,1,44,"kg","Non-automated","2018-02-19 00:00:01","2018-02-19 00:00:01"," DE","335,08","7,62"
"15302491","UPS","Crates","Essen",800,855,-20,20,"Retail","69555","Wiegand",2,0,0,1,855,"kg","Non-automated","2018-04-17 00:00:01","2018-04-17 00:00:01"," DE","5899,5","6,9"
"15304691","DHL","Crates","Essen",3000,2685,-20,20,"Retail","08955","Röder Frank KGaA",1,-5,0,1,2685,"kg","Non-automated","2018-03-21 00:00:01","2018-03-16 00:00:01"," SE","20379,15","7,59"
"15304792","UPS","Pallets","Crefeld",138,138,0,0,"Retail","37789","Krauß AG",1,0,1,1,138,"kg","Non-automated","2018-03-20 00:00:01","2018-03-20 00:00:01"," DE","2030,0","14,71"
"15304992","UPS","Crates","Aachen",3900,3252,-20,20,"Retail","10315","Diehl",1,0,0,1,3252,"kg","Non-automated","2018-03-22 00:00:01","2018-03-22 00:00:01"," SI","19934,76","6,13"
"15304091","DHL","Pallets","Aachen",703,703,0,0,"Retail","1455","Kraft",1,1,1,0,703,"kg","Non-automated","2018-03-13 00:00:01","2018-03-14 00:00:01"," SI","8253,0","11,74"
"15304491","UPS","Pallets","Essen",13,13,0,0,"Retail","67555","Becker",1,0,1,1,13,"kg","Non-automated","2018-03-14 00:00:01","2018-03-14 00:00:01"," DE","127,88","9,84"
"15385391","UPS","Crates","Aachen",5100,5192,-20,20,"Retail","69555","Wiegand",2,0,0,1,5192,"kg","Non-automated","2018-02-27 00:00:01","2018-02-27 00:00:01"," DE","27569,52","5,31"
"15385991","UPS","Pallets","Essen",1235,1093,0,0,"Retail","69555","Wiegand",2,0,0,1,1093,"kg","Non-automated","2018-03-20 00:00:01","2018-03-20 00:00:01"," DE","10621,84","9,72"
"15385891","UPS","Pallets","Essen",491,490,0,0,"Retail","36555","Steinbach",1,0,0,1,490,"kg","Non-automated","2018-10-30 00:00:01","2018-10-30 00:00:01"," DE","3600,0","7,35"
"15385892","UPS","Pallets","Essen",491,490,0,0,"Retail","36555","Steinbach",1,-7,0,1,490,"kg","Non-automated","2018-04-24 00:00:01","2018-04-17 00:00:01"," DE","3600,0","7,35"
"15385894","UPS","Pallets","Essen",491,490,0,0,"Retail","36555","Steinbach",1,0,0,1,490,"kg","Non-automated","2018-09-11 00:00:01","2018-09-11 00:00:01"," DE","3600,0","7,35"
"15385293","UPS","Pallets","Essen",785,785,0,0,"Retail","36555","Steinbach",1,-5,1,1,785,"kg","Non-automated","2018-05-29 00:00:01","2018-05-24 00:00:01"," DE","4171,05","5,31"
"15381592","UPS","Crates","Aachen",3000,3197,-5,15,"Construction","9669","Wolff",5,-6,0,1,3197,"kg","Non-automated","2018-03-22 00:00:01","2018-03-16 00:00:01"," PL","23082,34","7,22"
"15381191","UPS","Pallets","Essen",483,373,0,0,"Retail","36555","Steinbach",1,-1,0,1,373,"kg","Non-automated","2018-03-13 00:00:01","2018-03-12 00:00:01"," DE","3106,35","8,33"
"15381392","UPS","Pallets","Essen",3408,3200,-5,15,"Transportation","27339","Kuhn",1,0,0,1,3200,"kg","Non-automated","2018-04-04 00:00:01","2018-04-04 00:00:01"," SE","14112,0","4,41"
"15381893","UPS","Pallets","Aachen",1004,1004,0,10,"Construction","94199","Funk",1,25,1,0,1004,"kg","Non-automated","2018-04-20 00:00:01","2018-05-15 00:00:01"," PT","6596,28","6,57"
"15386591","UPS","Pallets","Crefeld",84,84,0,0,"Retail","38955","Adam KG",5,0,1,1,84,"kg","Non-automated","2018-03-14 00:00:01","2018-03-14 00:00:01"," SE","1261,26","15,02"
"15386592","UPS","Pallets","Crefeld",84,84,0,0,"Retail","38955","Adam KG",5,0,1,1,84,"kg","Non-automated","2018-03-14 00:00:01","2018-03-14 00:00:01"," SE","1261,26","15,02"
"15386692","UPS","Crates","Essen",2000,2005,-20,20,"Retail","25595","Weigel AG & Co. KGaA",1,-5,1,1,2005,"kg","Non-automated","2018-04-17 00:00:01","2018-04-12 00:00:01"," DE","13814,45","6,89"
"15386391","UPS","Crates","Essen",2000,1460,-20,20,"Retail","38955","Adam KG",1,-20,0,1,1460,"kg","Non-automated","2018-04-18 00:00:01","2018-03-29 00:00:01"," SE","10278,4","7,04"
"15386092","UPS","Pallets","Crefeld",912,912,0,0,"Retail","38955","Adam KG",1,0,1,1,912,"kg","Non-automated","2018-03-21 00:00:01","2018-03-21 00:00:01"," SE","13750,62","15,08"
"15386891","DHL","Crates","Essen",1000,1335,-10,20,"Retail","46309","Wenzel AG & Co. KG",5,0,0,1,1335,"kg","Non-automated","2018-03-20 00:00:01","2018-03-20 00:00:01"," CZ","8477,25","6,35"
"15387691","UPS","Crates","Aachen",5000,5298,-20,20,"Retail","17555","Kirchner",1,0,0,1,5298,"kg","Non-automated","2018-04-19 00:00:01","2018-04-19 00:00:01"," DE","28132,38","5,31"
"15387791","UPS","Crates","Aachen",2000,2057,-20,20,"Retail","17555","Kirchner",1,0,0,1,2057,"kg","Non-automated","2018-04-17 00:00:01","2018-04-17 00:00:01"," DE","11601,48","5,64"
"15387991","UPS","Crates","Aachen",2600,2880,-20,20,"Retail","17555","Kirchner",1,0,0,1,2880,"kg","Non-automated","2018-04-05 00:00:01","2018-04-05 00:00:01"," DE","16646,4","5,78"
"15387891","UPS","Crates","Aachen",2000,2263,-20,20,"Retail","17555","Kirchner",1,0,0,1,2263,"kg","Non-automated","2018-04-12 00:00:01","2018-04-12 00:00:01"," DE","13080,14","5,78"
"15383591","UPS","Crates","Aachen",2000,2062,-20,20,"Retail","17555","Kirchner",1,-5,0,1,2062,"kg","Non-automated","2018-03-20 00:00:01","2018-03-15 00:00:01"," DE","11629,68","5,64"
"15383191","UPS","Crates","Aachen",2000,1966,-20,20,"Retail","17555","Kirchner",1,0,0,1,1966,"kg","Non-automated","2018-03-06 00:00:01","2018-03-06 00:00:01"," DE","11088,24","5,64"
"15383691","UPS","Pallets","Essen",375,375,0,10,"Retail","67555","Becker",1,0,1,1,375,"kg","Non-automated","2018-03-14 00:00:01","2018-03-14 00:00:01"," DE","2567,5","6,85"
"15383091","UPS","Pallets","Aachen",1098,1098,0,0,"Retail","67555","Becker",1,0,1,1,366,"kg","Non-automated","2018-02-21 00:00:01","2018-02-21 00:00:01"," DE","3123,36","8,53"
"15383491","UPS","Pallets","Essen",176,176,0,0,"Retail","67555","Becker",1,-2,1,1,176,"kg","Non-automated","2018-02-21 00:00:01","2018-02-19 00:00:01"," DE","1694,4","9,63"
"15389091","UPS","Pallets","Aachen",36,36,0,0,"Retail","67555","Becker",1,-2,1,1,36,"kg","Non-automated","2018-02-21 00:00:01","2018-02-19 00:00:01"," DE","258,72","7,19"
"15389491","UPS","Pallets","Essen",13,13,0,0,"Retail","67555","Becker",1,0,1,1,13,"kg","Non-automated","2018-03-05 00:00:01","2018-03-05 00:00:01"," DE","127,88","9,84"
"15380591","UPS","Pallets","Aachen",61,61,0,0,"Retail","67555","Becker",1,-2,1,1,61,"kg","Non-automated","2018-02-21 00:00:01","2018-02-19 00:00:01"," DE","588,34","9,64"
"15380691","UPS","Pallets","Essen",53,53,0,0,"Retail","67555","Becker",1,-2,1,1,53,"kg","Non-automated","2018-02-21 00:00:01","2018-02-19 00:00:01"," DE","515,6","9,73"
"15380791","UPS","Pallets","Essen",110,110,0,0,"Retail","67555","Becker",1,-2,1,1,110,"kg","Non-automated","2018-02-21 00:00:01","2018-02-19 00:00:01"," DE","1059,0","9,63"
"15380391","UPS","Pallets","Aachen",183,183,0,0,"Retail","67555","Becker",1,0,1,1,183,"kg","Non-automated","2018-02-21 00:00:01","2018-02-21 00:00:01"," DE","2748,18","15,02"
"15380091","UPS","Crates","Aachen",2047,2068,-20,20,"Retail","67655","Voigt",3,-1,0,1,2068,"kg","Non-automated","2018-03-07 00:00:01","2018-03-06 00:00:01"," DE","27504,4","13,3"
"15380291","UPS","Crates","Essen",2265,2265,-20,20,"Retail","69555","Wiegand",2,0,1,1,2265,"kg","Non-automated","2018-03-01 00:00:01","2018-03-01 00:00:01"," DE","16670,4","7,36"
"15973593","UPS","Pallets","Aachen",963,963,-10,25,"Construction","82895","Reimann AG",1,0,1,1,963,"kg","Non-automated","2018-06-06 00:00:01","2018-06-06 00:00:01"," FR","5219,46","5,42"
"15973191","UPS","Pallets","Essen",1138,1138,0,0,"Retail","36555","Steinbach",1,0,1,1,1138,"kg","Non-automated","2019-01-22 00:00:01","2019-01-22 00:00:01"," DE","6045,0","5,31"
"15973694","UPS","Pallets","Essen",797,797,0,0,"Retail","36555","Steinbach",1,0,1,1,797,"kg","Non-automated","2018-12-04 00:00:01","2018-12-04 00:00:01"," DE","4141,54","5,2"
"15973391","UPS","Pallets","Aachen",70,70,0,0,"Retail","35755","Graf KG",1,0,1,1,70,"kg","Non-automated","2018-04-26 00:00:01","2018-04-26 00:00:01"," DE","495,69","7,08"
"15973392","UPS","Pallets","Aachen",217,217,0,0,"Retail","35755","Graf KG",1,-1,1,1,217,"kg","Non-automated","2018-04-26 00:00:01","2018-04-25 00:00:01"," DE","1485,3","6,84"
"15973091","UPS","Crates","Aachen",10000,9456,-10,10,"Construction","80255","Noll",6,0,0,1,1622,"kg","Non-automated","2018-08-08 00:00:01","2018-08-08 00:00:01"," JP","8564,16","5,28"
"15973892","UPS","Pallets","Essen",1588,1588,0,0,"Retail","35955","Pietsch AG",1,0,1,1,1588,"kg","Non-automated","2018-05-15 00:00:01","2018-05-15 00:00:01"," DE","10249,36","6,45"
"15973293","UPS","Pallets","Crefeld",374,374,0,0,"Retail","35955","Pietsch AG",1,0,1,1,374,"kg","Non-automated","2018-05-03 00:00:01","2018-05-03 00:00:01"," DE","3152,4","8,43"
"15973492","UPS","Pallets","Essen",362,362,0,0,"Retail","35955","Pietsch AG",1,0,1,1,362,"kg","Non-automated","2018-05-08 00:00:01","2018-05-08 00:00:01"," DE","1539,2","4,25"
"15979592","UPS","Crates","Aachen",5056,6077,-20,20,"Retail","35955","Pietsch AG",1,0,0,1,6077,"kg","Non-automated","2018-05-03 00:00:01","2018-05-03 00:00:01"," DE","31469,3","5,18"
"15979691","UPS","Crates","Aachen",1500,1559,-10,10,"Retail","17555","Kirchner",1,0,0,1,1559,"kg","Non-automated","2018-03-27 00:00:01","2018-03-27 00:00:01"," DE","15153,48","9,72"
"159797914","UPS","Pallets","Essen",6487,6487,-5,10,"Construction","82895","Reimann AG",1,0,1,1,5190,"kg","Non-automated","2018-07-04 00:00:01","2018-07-04 00:00:01"," FR","17386,5","3,35"
"159797919","UPS","Pallets","Aachen",2066,2066,-5,15,"Construction","82895","Reimann AG",1,-1,1,1,2066,"kg","Non-automated","2018-07-04 00:00:01","2018-07-03 00:00:01"," FR","11197,72","5,42"
"15979792","UPS","Pallets","Essen",748,748,-10,25,"Construction","82895","Reimann AG",1,0,1,1,748,"kg","Non-automated","2018-06-27 00:00:01","2018-06-27 00:00:01"," FR","2431,0","3,25"
"159797920","UPS","Pallets","Aachen",5625,5623,-5,10,"Construction","82895","Reimann AG",1,1,1,0,4639,"kg","Non-automated","2018-06-20 00:00:01","2018-06-21 00:00:01"," FR","24957,82","5,38"
"159797921","UPS","Pallets","Essen",977,976,-10,25,"Construction","82895","Reimann AG",1,0,1,1,976,"kg","Non-automated","2018-06-27 00:00:01","2018-06-27 00:00:01"," FR","3679,52","3,77"
"159797931","UPS","Pallets","Aachen",1046,1047,-5,15,"Construction","82895","Reimann AG",1,1,1,0,1047,"kg","Non-automated","2018-06-20 00:00:01","2018-06-21 00:00:01"," FR","5224,53","4,99"
"15979796","UPS","Pallets","Essen",1360,1361,-5,15,"Construction","82895","Reimann AG",1,0,1,1,1361,"kg","Non-automated","2018-06-27 00:00:01","2018-06-27 00:00:01"," FR","4423,25","3,25"
"15979991","UPS","Crates","Aachen",1600,1498,-20,20,"Retail","69555","Wiegand",2,-7,0,1,1498,"kg","Non-automated","2018-04-03 00:00:01","2018-03-27 00:00:01"," DE","8583,54","5,73"
"15979091","UPS","Crates","Essen",2100,2110,-20,20,"Retail","69555","Wiegand",2,-2,1,1,2110,"kg","Non-automated","2018-03-29 00:00:01","2018-03-27 00:00:01"," DE","11183,0","5,3"
"15970193","UPS","Crates","Aachen",1000,875,-20,20,"Retail","17555","Kirchner",1,0,0,1,875,"kg","Non-automated","2018-04-24 00:00:01","2018-04-24 00:00:01"," DE","5845,0","6,68"
"15970691","UPS","Crates","Aachen",2000,2057,-20,20,"Retail","17555","Kirchner",1,5,0,0,2057,"kg","Non-automated","2018-04-12 00:00:01","2018-04-17 00:00:01"," DE","18430,72","8,96"
"15970091","UPS","Pallets","Essen",350,350,0,0,"Retail","22069","Pietsch",1,0,1,1,350,"kg","Non-automated","2018-08-21 00:00:01","2018-08-21 00:00:01"," DE","3033,8","8,67"
"15970891","UPS","Pallets","Aachen",20,20,0,0,"Retail","67555","Becker",1,0,1,1,20,"kg","Non-automated","2018-03-19 00:00:01","2018-03-19 00:00:01"," DE","160,4","8,02"
"15970291","UPS","Pallets","Aachen",221,221,0,0,"Retail","67555","Becker",1,-3,1,1,221,"kg","Non-automated","2018-03-26 00:00:01","2018-03-23 00:00:01"," DE","1615,8","7,31"
"15978591","UPS","Pallets","Aachen",110,110,0,0,"Retail","67555","Becker",1,-3,1,1,110,"kg","Non-automated","2018-03-26 00:00:01","2018-03-23 00:00:01"," DE","1280,28","11,64"
"15978191","UPS","Pallets","Aachen",9,9,0,0,"Retail","67555","Becker",1,-3,1,1,9,"kg","Non-automated","2018-03-26 00:00:01","2018-03-23 00:00:01"," DE","68,84","7,65"
"15978791","UPS","Pallets","Aachen",110,110,0,0,"Retail","67555","Becker",1,-3,1,1,110,"kg","Non-automated","2018-03-26 00:00:01","2018-03-23 00:00:01"," DE","1280,28","11,64"
"15978991","UPS","Pallets","Aachen",72,72,0,0,"Retail","67555","Becker",1,0,1,1,72,"kg","Non-automated","2018-03-26 00:00:01","2018-03-26 00:00:01"," DE","904,5","12,56"
"15978491","UPS","Crates","Aachen",8225,7076,-20,20,"Retail","67655","Voigt",3,-1,0,1,7076,"kg","Non-automated","2018-04-04 00:00:01","2018-04-03 00:00:01"," DE","49815,04","7,04"
"15972791","UPS","Crates","Essen",2000,2290,-20,20,"Retail","91595","Jürgens",1,0,0,1,2290,"kg","Non-automated","2018-03-29 00:00:01","2018-03-29 00:00:01"," DE","12388,9","5,41"
"15972391","UPS","Crates","Essen",4000,3995,-20,20,"Retail","91595","Jürgens",1,0,1,1,1330,"kg","Non-automated","2018-04-04 00:00:01","2018-04-04 00:00:01"," DE","5692,4","4,28"
"15972991","UPS","Crates","Aachen",1589,1589,-20,20,"Retail","91595","Jürgens",1,0,1,1,1589,"kg","Non-automated","2018-05-03 00:00:01","2018-05-03 00:00:01"," DE","9120,86","5,74"
"15972091","UPS","Crates","Aachen",1500,1576,-20,20,"Retail","91595","Jürgens",1,0,0,1,1576,"kg","Non-automated","2018-05-08 00:00:01","2018-05-08 00:00:01"," DE","8762,56","5,56"
"15972291","UPS","Crates","Aachen",1000,988,-20,20,"Retail","91595","Jürgens",2,0,1,1,988,"kg","Non-automated","2018-03-22 00:00:01","2018-03-22 00:00:01"," DE","8447,4","8,55"
"15972491","UPS","Crates","Aachen",1807,1807,-20,20,"Retail","91595","Jürgens",2,0,1,1,1807,"kg","Non-automated","2018-03-29 00:00:01","2018-03-29 00:00:01"," DE","9848,15","5,45"
"15974191","UPS","Crates","Essen",5000,4109,-20,20,"Retail","93955","Ritter Adler GbR",1,7,0,0,2925,"kg","Non-automated","2018-04-10 00:00:01","2018-04-17 00:00:01"," DE","19246,5","6,58"
"15974691","UPS","Pallets","Essen",296,258,0,0,"Retail","69555","Wiegand",2,0,0,1,258,"kg","Non-automated","2018-03-13 00:00:01","2018-03-13 00:00:01"," DE","1217,28","4,72"
"15974791","UPS","Pallets","Crefeld",59,59,0,0,"Retail","38955","Adam KG",6,-1,1,1,59,"kg","Non-automated","2018-05-02 00:00:01","2018-05-01 00:00:01"," SE","880,68","14,93"
"15974792","UPS","Pallets","Crefeld",59,59,0,0,"Retail","38955","Adam KG",6,-1,1,1,59,"kg","Non-automated","2018-05-02 00:00:01","2018-05-01 00:00:01"," SE","880,68","14,93"
"15974795","UPS","Pallets","Crefeld",67,67,0,0,"Retail","38955","Adam KG",6,-1,1,1,67,"kg","Non-automated","2018-05-02 00:00:01","2018-05-01 00:00:01"," SE","1001,1","14,94"
"15974796","UPS","Pallets","Crefeld",67,67,0,0,"Retail","38955","Adam KG",6,-1,1,1,67,"kg","Non-automated","2018-05-02 00:00:01","2018-05-01 00:00:01"," SE","1001,1","14,94"
"15974091","UPS","Crates","Essen",4000,4070,-20,20,"Retail","38955","Adam KG",1,0,0,1,4070,"kg","Non-automated","2018-04-25 00:00:01","2018-04-25 00:00:01"," SE","20634,9","5,07"
"15974491","UPS","Pallets","Aachen",267,267,0,0,"Retail","35755","Graf KG",1,0,1,1,267,"kg","Non-automated","2018-05-03 00:00:01","2018-05-03 00:00:01"," DE","1830,6","6,86"
"15974492","UPS","Pallets","Aachen",72,72,0,0,"Retail","35755","Graf KG",1,-8,1,1,72,"kg","Non-automated","2018-05-03 00:00:01","2018-04-25 00:00:01"," DE","491,4","6,83"
"15935591","UPS","Pallets","Aachen",298,298,0,0,"Retail","35755","Graf KG",1,0,1,1,298,"kg","Non-automated","2018-05-03 00:00:01","2018-05-03 00:00:01"," DE","1982,27","6,65"
"15931391","UPS","Crates","Aachen",2000,2103,-20,20,"Retail","17555","Kirchner",1,0,0,1,2103,"kg","Non-automated","2018-04-12 00:00:01","2018-04-12 00:00:01"," DE","18842,88","8,96"
"15936691","UPS","Crates","Aachen",2000,1749,-20,20,"Retail","17555","Kirchner",1,0,0,1,1749,"kg","Non-automated","2018-05-24 00:00:01","2018-05-24 00:00:01"," DE","9794,4","5,6"
"15936991","UPS","Crates","Aachen",2047,2000,-20,20,"Retail","67655","Voigt",3,0,0,1,2000,"kg","Non-automated","2018-04-11 00:00:01","2018-04-11 00:00:01"," DE","26520,0","13,26"
"15937591","UPS","Crates","Aachen",2969,2969,0,10,"Retail","69555","Wiegand",2,0,1,1,2969,"kg","Non-automated","2018-04-03 00:00:01","2018-04-03 00:00:01"," DE","26048,97","8,77"
"15937194","DHL","Crates","Aachen",8500,5705,-20,20,"Retail","3245","Voss KG",1,1,0,0,5705,"kg","Non-automated","2018-07-10 00:00:01","2018-07-11 00:00:01"," AU","42559,3","7,46"
"15937195","DHL","Crates","Aachen",1600,1519,-20,20,"Retail","3245","Voss KG",1,1,0,0,1519,"kg","Non-automated","2018-07-10 00:00:01","2018-07-11 00:00:01"," AU","11134,27","7,33"
"15937691","UPS","Pallets","Aachen",532,532,0,0,"Retail","09045","Gebhardt Möller AG & Co. OHG",1,-1,1,1,532,"kg","Non-automated","2018-03-29 00:00:01","2018-03-28 00:00:01"," IT","7789,0","14,64"
"15937791","DHL","Crates","Aachen",1500,1502,-20,20,"Retail","3245","Voss KG",1,-1,1,1,1502,"kg","Non-automated","2018-06-27 00:00:01","2018-06-26 00:00:01"," AU","11204,92","7,46"
"15937792","DHL","Crates","Aachen",6800,7174,-20,20,"Retail","3245","Voss KG",1,-1,0,1,7174,"kg","Non-automated","2018-06-27 00:00:01","2018-06-26 00:00:01"," AU","52083,24","7,26"
"15937392","DHL","Crates","Aachen",6800,5719,-20,20,"Retail","3245","Voss KG",1,0,0,1,5719,"kg","Non-automated","2018-05-25 00:00:01","2018-05-25 00:00:01"," AU","42663,74","7,46"
"15937892","UPS","Pallets","Essen",1671,1651,0,0,"Retail","35955","Pietsch AG",1,0,0,1,1651,"kg","Non-automated","2018-05-29 00:00:01","2018-05-29 00:00:01"," DE","10653,94","6,45"
"15937493","UPS","Pallets","Crefeld",239,232,0,0,"Retail","35955","Pietsch AG",1,0,0,1,232,"kg","Non-automated","2018-05-15 00:00:01","2018-05-15 00:00:01"," DE","1923,04","8,29"
"15937494","UPS","Pallets","Essen",344,344,0,0,"Retail","35955","Pietsch AG",1,0,1,1,344,"kg","Non-automated","2018-05-17 00:00:01","2018-05-17 00:00:01"," DE","1451,8","4,22"
"15933591","UPS","Pallets","Essen",735,734,0,0,"Retail","35955","Pietsch AG",1,0,0,1,734,"kg","Non-automated","2018-05-22 00:00:01","2018-05-22 00:00:01"," DE","4378,0","5,96"
"15933594","UPS","Pallets","Essen",452,452,0,0,"Retail","35955","Pietsch AG",1,0,1,1,452,"kg","Non-automated","2018-05-22 00:00:01","2018-05-22 00:00:01"," DE","1924,0","4,26"
"15933192","UPS","Pallets","Essen",362,362,0,0,"Retail","35955","Pietsch AG",1,0,1,1,362,"kg","Non-automated","2018-05-15 00:00:01","2018-05-15 00:00:01"," DE","1852,0","5,12"
"15933692","UPS","Pallets","Essen",362,362,0,0,"Retail","35955","Pietsch AG",1,0,1,1,362,"kg","Non-automated","2018-05-22 00:00:01","2018-05-22 00:00:01"," DE","1539,2","4,25"
"15933392","UPS","Crates","Essen",1500,1625,0,20,"Retail","73995","Oswald",1,0,0,1,1625,"kg","Non-automated","2018-06-05 00:00:01","2018-06-05 00:00:01"," DE","8726,25","5,37"
"15933491","UPS","Pallets","Aachen",29,29,0,0,"Retail","67555","Becker",1,-5,1,1,29,"kg","Non-automated","2018-03-28 00:00:01","2018-03-23 00:00:01"," DE","230,1","7,93"
"15939191","UPS","Pallets","Aachen",9,9,0,0,"Retail","67555","Becker",1,-5,1,1,9,"kg","Non-automated","2018-03-28 00:00:01","2018-03-23 00:00:01"," DE","68,84","7,65"
"15939691","UPS","Pallets","Aachen",331,331,0,0,"Retail","67555","Becker",1,-5,1,1,331,"kg","Non-automated","2018-03-28 00:00:01","2018-03-23 00:00:01"," DE","2423,7","7,32"
"15939391","UPS","Pallets","Aachen",1856,1856,0,0,"Retail","67555","Becker",1,-2,1,1,1856,"kg","Non-automated","2018-03-28 00:00:01","2018-03-26 00:00:01"," DE","16675,6","8,98"
"15939091","UPS","Crates","Essen",2000,2185,-20,20,"Retail","68955","Fritz",1,0,0,1,2185,"kg","Non-automated","2018-06-05 00:00:01","2018-06-05 00:00:01"," DE","12104,9","5,54"
"15939891","UPS","Crates","Essen",2000,1985,-20,20,"Retail","25595","Weigel AG & Co. KGaA",1,0,1,1,1985,"kg","Non-automated","2018-06-05 00:00:01","2018-06-05 00:00:01"," DE","13041,45","6,57"
"15930791","UPS","Crates","Aachen",5106,4861,-20,20,"Retail","96405","Voß GmbH",4,-2,0,1,4861,"kg","Non-automated","2018-04-19 00:00:01","2018-04-17 00:00:01"," IT","29117,39","5,99"
"15930992","UPS","Pallets","Essen",289,225,0,0,"Retail","35555","Rupp AG",8,0,0,1,225,"kg","Non-automated","2018-04-24 00:00:01","2018-04-24 00:00:01"," NL","1311,24","5,83"
"15938891","UPS","Pallets","Essen",787,848,0,0,"Retail","36555","Steinbach",1,0,0,1,848,"kg","Non-automated","2018-04-26 00:00:01","2018-04-26 00:00:01"," DE","5971,24","7,04"
"15938291","UPS","Pallets","Essen",784,669,0,0,"Retail","36555","Steinbach",1,-61,0,1,669,"kg","Non-automated","2018-12-31 00:00:01","2018-10-31 00:00:01"," DE","3606,8","5,39"
"15938292","UPS","Pallets","Essen",784,784,0,0,"Retail","36555","Steinbach",1,9,1,0,784,"kg","Non-automated","2018-05-15 00:00:01","2018-05-24 00:00:01"," DE","4229,1","5,39"
"15938491","DHL","Pallets","Aachen",3226,2999,-5,15,"Retail","46309","Wenzel AG & Co. KG",1,-9,0,1,2999,"kg","Non-automated","2018-04-06 00:00:01","2018-03-28 00:00:01"," CZ","31122,45","10,38"
"15932691","UPS","Pallets","Aachen",742,742,0,0,"Retail","35755","Graf KG",1,0,1,1,742,"kg","Non-automated","2018-05-15 00:00:01","2018-05-15 00:00:01"," DE","5090,4","6,86"
"15932791","UPS","Pallets","Aachen",182,182,0,0,"Retail","35755","Graf KG",1,-1,1,1,182,"kg","Non-automated","2018-05-08 00:00:01","2018-05-07 00:00:01"," DE","1252,08","6,88"
"15932792","UPS","Pallets","Aachen",753,753,0,0,"Retail","35755","Graf KG",1,-1,1,1,753,"kg","Non-automated","2018-05-08 00:00:01","2018-05-07 00:00:01"," DE","5166,9","6,86"
"15932091","UPS","Crates","Essen",2000,1910,-20,20,"Retail","38955","Adam KG",1,-15,0,1,1910,"kg","Non-automated","2018-06-06 00:00:01","2018-05-22 00:00:01"," SE","13217,2","6,92"
"15932291","UPS","Crates","Aachen",2000,1819,-20,20,"Retail","91595","Jürgens",2,-1,0,1,1819,"kg","Non-automated","2018-04-05 00:00:01","2018-04-04 00:00:01"," DE","9913,55","5,45"
"15932493","UPS","Crates","Essen",3000,2870,-20,20,"Retail","91595","Jürgens",1,0,0,1,2870,"kg","Non-automated","2018-04-05 00:00:01","2018-04-05 00:00:01"," DE","17392,2","6,06"
"15934391","UPS","Crates","Aachen",5299,5044,-5,15,"Retail","3205","Popp Meyer AG",1,-14,0,1,5044,"kg","Non-automated","2018-06-06 00:00:01","2018-05-23 00:00:01"," FR","36890,11","7,31"
"15934094","DHL","Crates","Aachen",3400,5097,-20,20,"Retail","3245","Voss KG",1,0,0,1,5097,"kg","Non-automated","2018-09-19 00:00:01","2018-09-19 00:00:01"," AU","37768,77","7,41"
"15934095","DHL","Crates","Aachen",2500,2415,-20,20,"Retail","3245","Voss KG",1,0,0,1,2415,"kg","Non-automated","2018-09-19 00:00:01","2018-09-19 00:00:01"," AU","17581,2","7,28"
"15934491","UPS","Crates","Duisburg",1009,1009,-10,10,"Retail","93955","Ritter Adler GbR",1,0,1,1,1009,"kg","Non-automated","2018-03-20 00:00:01","2018-03-20 00:00:01"," DE","3430,6","3,4"
"15995594","UPS","Crates","Aachen",2000,2174,-20,20,"Retail","17555","Kirchner",1,0,0,1,2174,"kg","Non-automated","2018-06-21 00:00:01","2018-06-21 00:00:01"," DE","12478,76","5,74"
"15995791","UPS","Pallets","Aachen",20,20,0,0,"Retail","67555","Becker",1,0,1,1,20,"kg","Non-automated","2018-04-04 00:00:01","2018-04-04 00:00:01"," DE","160,4","8,02"
"15991191","UPS","Pallets","Aachen",1068,1068,0,0,"Retail","67555","Becker",1,0,1,1,1068,"kg","Non-automated","2018-04-04 00:00:01","2018-04-04 00:00:01"," DE","9602,32","8,99"
"15991691","UPS","Pallets","Aachen",382,382,0,0,"Retail","67555","Becker",1,0,1,1,382,"kg","Non-automated","2018-04-04 00:00:01","2018-04-04 00:00:01"," DE","5278,5","13,82"
"15991991","UPS","Pallets","Aachen",110,110,0,0,"Retail","67555","Becker",1,0,1,1,110,"kg","Non-automated","2018-04-04 00:00:01","2018-04-04 00:00:01"," DE","1280,28","11,64"
"15991091","UPS","Pallets","Aachen",5,5,0,0,"Retail","67555","Becker",1,0,1,1,5,"kg","Non-automated","2018-04-04 00:00:01","2018-04-04 00:00:01"," DE","34,42","6,88"
"15991891","UPS","Pallets","Aachen",110,110,0,0,"Retail","67555","Becker",1,0,1,1,110,"kg","Non-automated","2018-04-04 00:00:01","2018-04-04 00:00:01"," DE","807,9","7,34"
"15991291","UPS","Pallets","Aachen",110,110,0,0,"Retail","67555","Becker",1,0,1,1,110,"kg","Non-automated","2018-04-04 00:00:01","2018-04-04 00:00:01"," DE","1280,28","11,64"
"15996591","UPS","Pallets","Aachen",110,110,0,0,"Retail","67555","Becker",1,0,1,1,110,"kg","Non-automated","2018-04-04 00:00:01","2018-04-04 00:00:01"," DE","807,9","7,34"
"15996391","UPS","Pallets","Aachen",155,155,0,0,"Retail","67555","Becker",1,0,1,1,155,"kg","Non-automated","2018-04-04 00:00:01","2018-04-04 00:00:01"," DE","973,62","6,28"
"15997792","UPS","Pallets","Essen",226,226,0,0,"Retail","35955","Pietsch AG",1,0,1,1,226,"kg","Non-automated","2018-05-31 00:00:01","2018-05-31 00:00:01"," DE","962,0","4,26"
"15997392","UPS","Pallets","Essen",181,181,0,0,"Retail","35955","Pietsch AG",1,0,1,1,181,"kg","Non-automated","2018-06-07 00:00:01","2018-06-07 00:00:01"," DE","769,6","4,25"
"15997991","UPS","Pallets","Essen",955,956,0,0,"Retail","35955","Pietsch AG",1,0,0,1,956,"kg","Non-automated","2018-05-29 00:00:01","2018-05-29 00:00:01"," DE","5691,4","5,95"
"15997992","UPS","Pallets","Essen",2605,2604,0,0,"Retail","35955","Pietsch AG",1,0,0,1,2604,"kg","Non-automated","2018-05-29 00:00:01","2018-05-29 00:00:01"," DE","16819,4","6,46"
"15997091","UPS","Pallets","Crefeld",280,280,0,0,"Retail","35955","Pietsch AG",1,0,1,1,280,"kg","Non-automated","2018-05-31 00:00:01","2018-05-31 00:00:01"," DE","2364,3","8,44"
"15997294","UPS","Pallets","Essen",344,344,0,0,"Retail","35955","Pietsch AG",1,0,1,1,344,"kg","Non-automated","2018-05-31 00:00:01","2018-05-31 00:00:01"," DE","1761,2","5,12"
"15997491","UPS","Pallets","Essen",586,587,0,0,"Retail","35955","Pietsch AG",1,-1,0,1,587,"kg","Non-automated","2018-06-05 00:00:01","2018-06-04 00:00:01"," DE","3491,2","5,95"
"15997494","UPS","Pallets","Essen",362,362,0,0,"Retail","35955","Pietsch AG",1,-1,1,1,362,"kg","Non-automated","2018-06-05 00:00:01","2018-06-04 00:00:01"," DE","1852,0","5,12"
"15993592","UPS","Pallets","Essen",1893,1892,0,0,"Retail","35955","Pietsch AG",1,0,0,1,1892,"kg","Non-automated","2018-06-07 00:00:01","2018-06-07 00:00:01"," DE","12224,96","6,46"
"15993791","UPS","Crates","Aachen",2500,2734,-5,15,"Construction","9669","Wolff",5,0,0,1,2734,"kg","Non-automated","2018-05-03 00:00:01","2018-05-03 00:00:01"," PL","18126,42","6,63"
"15993995","DHL","Crates","Essen",10000,10540,-20,20,"Retail","13669","Klemm Herold AG",3,0,0,1,10540,"kg","Non-automated","2018-04-27 00:00:01","2018-04-27 00:00:01"," AU","62818,4","5,96"
"15993996","DHL","Crates","Essen",1000,1100,-20,20,"Retail","13669","Klemm Herold AG",3,0,0,1,1100,"kg","Non-automated","2018-04-27 00:00:01","2018-04-27 00:00:01"," AU","6545,0","5,95"
"15993891","UPS","Crates","Aachen",2073,2097,-20,20,"Retail","95595","Lorenz Beyer e.G.",1,-1,0,1,2097,"kg","Non-automated","2018-05-15 00:00:01","2018-05-14 00:00:01"," NL","19594,24","9,34"
"15999591","UPS","Pallets","Essen",1802,1801,0,0,"Retail","41695","Pfeifer",1,2,0,0,1801,"kg","Non-automated","2018-06-05 00:00:01","2018-06-07 00:00:01"," DE","16450,0","9,13"
"15999691","UPS","Crates","Essen",1600,1765,-5,15,"Construction","86615","Pape GmbH & Co. OHG",1,-1,0,1,1765,"kg","Non-automated","2018-04-24 00:00:01","2018-04-23 00:00:01"," NL","7713,05","4,37"
"15999791","UPS","Pallets","Aachen",10,10,0,0,"Retail","67555","Becker",1,0,1,1,10,"kg","Non-automated","2018-05-02 00:00:01","2018-05-02 00:00:01"," DE","80,2","8,02"
"15999091","FedEx","Crates","Aachen",6000,5930,-5,10,"Construction","6155","Meißner GmbH & Co. KGaA",1,-7,0,1,5930,"kg","Non-automated","2018-04-04 00:00:01","2018-03-28 00:00:01"," CH","31844,1","5,37"
"15999491","UPS","Pallets","Essen",51,51,0,0,"Retail","93955","Ritter Adler GbR",1,0,1,1,51,"kg","Non-automated","2018-04-12 00:00:01","2018-04-12 00:00:01"," DE","384,36","7,54"
"15999492","UPS","Pallets","Essen",69,69,0,0,"Retail","93955","Ritter Adler GbR",1,0,1,1,69,"kg","Non-automated","2018-04-12 00:00:01","2018-04-12 00:00:01"," DE","579,3","8,4"
"15999493","UPS","Pallets","Essen",69,69,0,0,"Retail","93955","Ritter Adler GbR",1,0,1,1,69,"kg","Non-automated","2018-04-12 00:00:01","2018-04-12 00:00:01"," DE","533,52","7,73"
"15999494","UPS","Pallets","Essen",61,61,0,0,"Retail","93955","Ritter Adler GbR",1,0,1,1,61,"kg","Non-automated","2018-04-12 00:00:01","2018-04-12 00:00:01"," DE","514,02","8,43"
"15999498","UPS","Pallets","Essen",45,45,0,0,"Retail","93955","Ritter Adler GbR",1,0,1,1,45,"kg","Non-automated","2018-04-12 00:00:01","2018-04-12 00:00:01"," DE","340,92","7,58"
"15990591","UPS","Pallets","Aachen",223,223,0,0,"Retail","67555","Becker",1,0,1,1,223,"kg","Non-automated","2018-04-09 00:00:01","2018-04-09 00:00:01"," DE","1401,51","6,28"
"15990191","UPS","Pallets","Aachen",115,115,0,0,"Retail","67555","Becker",1,0,1,1,115,"kg","Non-automated","2018-04-09 00:00:01","2018-04-09 00:00:01"," DE","721,2","6,27"
"15990691","UPS","Pallets","Essen",11,11,0,0,"Retail","67555","Becker",1,0,1,1,11,"kg","Non-automated","2018-05-02 00:00:01","2018-05-02 00:00:01"," DE","102,7","9,34"
"15990791","UPS","Pallets","Aachen",1000,1000,0,0,"Retail","67555","Becker",1,0,1,1,1000,"kg","Non-automated","2018-04-09 00:00:01","2018-04-09 00:00:01"," DE","8983,92","8,98"
"15998591","UPS","Pallets","Aachen",110,110,0,0,"Retail","67555","Becker",1,0,1,1,110,"kg","Non-automated","2018-04-09 00:00:01","2018-04-09 00:00:01"," DE","807,9","7,34"
"15998091","UPS","Crates","Aachen",2369,2369,-20,20,"Retail","69555","Wiegand",2,0,1,1,2369,"kg","Non-automated","2018-04-12 00:00:01","2018-04-12 00:00:01"," DE","19662,7","8,3"
"15998891","UPS","Pallets","Essen",1235,1490,0,0,"Retail","69555","Wiegand",2,0,0,1,1490,"kg","Non-automated","2018-04-27 00:00:01","2018-04-27 00:00:01"," DE","14417,39","9,68"
"15992991","UPS","Crates","Essen",5000,5140,-5,15,"Construction","05889","Ackermann",1,-1,0,1,5140,"kg","Non-automated","2018-05-16 00:00:01","2018-05-15 00:00:01"," FR","21690,8","4,22"
"15992091","DHL","Crates","Essen",2000,2100,-20,20,"Retail","08955","Röder Frank KGaA",1,6,0,0,2100,"kg","Non-automated","2018-05-18 00:00:01","2018-05-24 00:00:01"," SE","13818,0","6,58"
"15992892","FedEx","Crates","Aachen",1300,1384,-5,15,"Construction","6155","Meißner GmbH & Co. KGaA",1,0,0,1,1384,"kg","Non-automated","2018-04-18 00:00:01","2018-04-18 00:00:01"," CH","8068,72","5,83"
"15992894","FedEx","Crates","Aachen",5200,5522,-5,10,"Construction","6155","Meißner GmbH & Co. KGaA",1,0,0,1,5522,"kg","Non-automated","2018-05-30 00:00:01","2018-05-30 00:00:01"," CH","29984,46","5,43"
"15992895","FedEx","Pallets","Essen",1325,1325,0,0,"Construction","6155","Meißner GmbH & Co. KGaA",1,-5,1,1,1325,"kg","Non-automated","2018-07-25 00:00:01","2018-07-20 00:00:01"," CH","9829,5","7,42"
"15992292","DHL","Pallets","Aachen",213,213,0,0,"Retail","1455","Kraft",1,0,1,1,213,"kg","Non-automated","2018-05-09 00:00:01","2018-05-09 00:00:01"," SI","2482,4","11,65"
"15992491","DHL","Pallets","Aachen",632,597,0,0,"Retail","1455","Kraft",1,2,0,0,597,"kg","Non-automated","2018-05-22 00:00:01","2018-05-24 00:00:01"," SI","6955,38","11,65"
"15992492","DHL","Pallets","Aachen",37,37,0,0,"Retail","1455","Kraft",1,2,1,0,37,"kg","Non-automated","2018-05-22 00:00:01","2018-05-24 00:00:01"," SI","427,56","11,56"
"15994791","FedEx","Pallets","Essen",9,9,0,0,"Construction","6155","Meißner GmbH & Co. KGaA",1,0,1,1,9,"kg","Non-automated","2018-06-13 00:00:01","2018-06-13 00:00:01"," CH","56,1","6,23"
"15994891","UPS","Crates","Aachen",5000,4794,-20,20,"Retail","88455","Maier Walter Stiftung & Co. KG",2,-1,0,1,4794,"kg","Non-automated","2018-04-25 00:00:01","2018-04-24 00:00:01"," FR","26750,52","5,58"
"15905591","UPS","Pallets","Aachen",237,238,0,0,"Retail","67555","Becker",1,0,0,1,238,"kg","Non-automated","2018-04-11 00:00:01","2018-04-11 00:00:01"," DE","1727,76","7,26"
"15905791","UPS","Pallets","Aachen",27,27,0,0,"Retail","67555","Becker",1,-2,1,1,27,"kg","Non-automated","2018-04-11 00:00:01","2018-04-09 00:00:01"," DE","192,96","7,15"
"15905891","UPS","Pallets","Aachen",45,45,0,0,"Retail","67555","Becker",1,-2,1,1,45,"kg","Non-automated","2018-04-11 00:00:01","2018-04-09 00:00:01"," DE","321,6","7,15"
"15905291","UPS","Pallets","Aachen",82,82,0,0,"Retail","67555","Becker",1,-2,1,1,82,"kg","Non-automated","2018-04-11 00:00:01","2018-04-09 00:00:01"," DE","588,3","7,17"
"15905491","UPS","Pallets","Essen",41,41,0,0,"Retail","67555","Becker",1,0,1,1,41,"kg","Non-automated","2018-04-11 00:00:01","2018-04-11 00:00:01"," DE","399,6","9,75"
"15901791","UPS","Pallets","Aachen",221,221,0,0,"Retail","67555","Becker",1,-2,1,1,221,"kg","Non-automated","2018-04-11 00:00:01","2018-04-09 00:00:01"," DE","1588,41","7,19"
"15901391","UPS","Pallets","Aachen",49,49,0,0,"Retail","67555","Becker",1,0,1,1,49,"kg","Non-automated","2018-04-11 00:00:01","2018-04-11 00:00:01"," DE","739,0","15,08"
"15901291","UPS","Pallets","Aachen",16,16,0,0,"Retail","67555","Becker",1,-2,1,1,16,"kg","Non-automated","2018-04-11 00:00:01","2018-04-09 00:00:01"," DE","117,66","7,35"
"15906791","UPS","Pallets","Aachen",182,182,0,0,"Retail","67555","Becker",1,-2,1,1,182,"kg","Non-automated","2018-04-11 00:00:01","2018-04-09 00:00:01"," DE","1633,44","8,97"
"15906292","UPS","Crates","Aachen",2047,2293,-20,20,"Retail","67655","Voigt",3,0,0,1,2293,"kg","Non-automated","2018-04-18 00:00:01","2018-04-18 00:00:01"," DE","26415,36","11,52"
"15906293","UPS","Crates","Aachen",5051,5328,-20,20,"Retail","67655","Voigt",3,0,0,1,5328,"kg","Non-automated","2018-04-25 00:00:01","2018-04-25 00:00:01"," DE","33086,88","6,21"
"15906491","UPS","Crates","Aachen",2783,2783,-20,20,"Retail","69555","Wiegand",2,0,1,1,2783,"kg","Non-automated","2018-04-17 00:00:01","2018-04-17 00:00:01"," DE","24108,75","8,66"
"15907192","UPS","Crates","Aachen",1213,1213,-20,20,"Retail","91595","Jürgens",1,0,1,1,1213,"kg","Non-automated","2018-04-12 00:00:01","2018-04-12 00:00:01"," DE","7059,66","5,82"
"15907194","UPS","Crates","Aachen",1000,1054,-20,20,"Retail","91595","Jürgens",1,0,0,1,1054,"kg","Non-automated","2018-04-12 00:00:01","2018-04-12 00:00:01"," DE","5860,24","5,56"
"15907091","UPS","Crates","Aachen",3900,4109,-20,20,"Retail","10315","Diehl",1,0,0,1,4109,"kg","Non-automated","2018-05-31 00:00:01","2018-05-31 00:00:01"," SI","25188,17","6,13"
"15903591","FedEx","Crates","Aachen",3185,2945,-5,15,"Retail","87479","Albers",1,0,0,1,2945,"kg","Non-automated","2018-06-29 00:00:01","2018-06-29 00:00:01"," CA","34033,69","11,56"
"15903191","UPS","Pallets","Aachen",31,31,0,0,"Retail","67555","Becker",1,-5,1,1,31,"kg","Non-automated","2018-05-07 00:00:01","2018-05-02 00:00:01"," DE","240,6","7,76"
"15903691","UPS","Crates","Aachen",2080,1444,-20,20,"Retail","67655","Voigt",3,0,0,1,1444,"kg","Non-automated","2018-04-18 00:00:01","2018-04-18 00:00:01"," DE","9443,76","6,54"
"15903391","UPS","Crates","Aachen",1807,1807,-20,20,"Retail","91595","Jürgens",2,0,1,1,1807,"kg","Non-automated","2018-04-17 00:00:01","2018-04-17 00:00:01"," DE","9848,15","5,45"
"15903892","UPS","Pallets","Aachen",52,52,0,0,"Retail","35755","Graf KG",1,-7,1,1,52,"kg","Non-automated","2018-04-26 00:00:01","2018-04-19 00:00:01"," DE","349,17","6,71"
"15903492","UPS","Crates","Essen",1200,1250,-20,20,"Retail","77689","Hohmann GmbH",1,1,0,0,1250,"kg","Non-automated","2018-05-15 00:00:01","2018-05-16 00:00:01"," FR","5837,5","4,67"
"15900692","UPS","Pallets","Essen",173,173,0,0,"Retail","35955","Pietsch AG",1,0,1,1,173,"kg","Non-automated","2018-06-14 00:00:01","2018-06-14 00:00:01"," DE","735,2","4,25"
"15900792","UPS","Pallets","Essen",173,173,0,0,"Retail","35955","Pietsch AG",1,0,1,1,173,"kg","Non-automated","2018-06-14 00:00:01","2018-06-14 00:00:01"," DE","735,2","4,25"
"15900394","UPS","Pallets","Essen",501,501,0,0,"Retail","35955","Pietsch AG",1,0,1,1,501,"kg","Non-automated","2018-06-14 00:00:01","2018-06-14 00:00:01"," DE","2566,32","5,12"
"15908691","UPS","Pallets","Aachen",942,942,0,0,"Retail","67555","Becker",1,0,1,1,942,"kg","Non-automated","2018-04-16 00:00:01","2018-04-16 00:00:01"," DE","6856,08","7,28"
"15908791","UPS","Pallets","Aachen",988,988,0,0,"Retail","67555","Becker",1,0,1,1,494,"kg","Non-automated","2018-04-16 00:00:01","2018-04-16 00:00:01"," DE","3594,36","7,28"
"15908891","UPS","Pallets","Essen",18,18,0,0,"Retail","67555","Becker",1,0,1,1,18,"kg","Non-automated","2018-04-16 00:00:01","2018-04-16 00:00:01"," DE","170,62","9,48"
"15902191","UPS","Pallets","Aachen",1431,1431,0,0,"Retail","67555","Becker",1,0,1,1,1431,"kg","Non-automated","2018-04-16 00:00:01","2018-04-16 00:00:01"," DE","15081,16","10,54"
"15902691","UPS","Pallets","Essen",18,18,0,0,"Retail","67555","Becker",1,0,1,1,18,"kg","Non-automated","2018-04-16 00:00:01","2018-04-16 00:00:01"," DE","170,62","9,48"
"15902091","UPS","Pallets","Essen",247,247,0,0,"Retail","69555","Wiegand",2,0,1,1,247,"kg","Non-automated","2018-04-19 00:00:01","2018-04-19 00:00:01"," DE","1339,0","5,42"
"15902891","UPS","Crates","Aachen",5980,5980,-20,20,"Retail","69555","Wiegand",2,0,1,1,5980,"kg","Non-automated","2018-04-19 00:00:01","2018-04-19 00:00:01"," DE","47660,6","7,97"
"15902291","UPS","Crates","Aachen",2100,2563,-20,20,"Retail","69555","Wiegand",2,0,0,1,2563,"kg","Non-automated","2018-04-20 00:00:01","2018-04-20 00:00:01"," DE","15198,59","5,93"
"15902491","UPS","Crates","Aachen",2139,2139,0,10,"Retail","69555","Wiegand",2,0,1,1,2139,"kg","Non-automated","2018-04-20 00:00:01","2018-04-20 00:00:01"," DE","18844,75","8,81"
"159047910","UPS","Pallets","Aachen",1344,1344,-5,15,"Construction","82895","Reimann AG",1,-1,1,1,1344,"kg","Non-automated","2018-05-16 00:00:01","2018-05-15 00:00:01"," FR","7203,84","5,36"
"15904794","UPS","Pallets","Essen",2162,2163,-5,15,"Construction","82895","Reimann AG",1,0,1,1,1730,"kg","Non-automated","2018-05-16 00:00:01","2018-05-16 00:00:01"," FR","5691,7","3,29"
"15904798","UPS","Pallets","Aachen",3656,3655,-5,15,"Construction","82895","Reimann AG",1,-1,1,1,3655,"kg","Non-automated","2018-05-16 00:00:01","2018-05-15 00:00:01"," FR","19444,6","5,32"
"15904093","UPS","Crates","Aachen",2027,1966,-20,20,"Retail","67655","Voigt",3,0,0,1,1966,"kg","Non-automated","2018-04-25 00:00:01","2018-04-25 00:00:01"," DE","26069,16","13,26"
"15904891","UPS","Crates","Aachen",2070,2070,-10,10,"Retail","69555","Wiegand",2,0,1,1,2070,"kg","Non-automated","2018-04-26 00:00:01","2018-04-26 00:00:01"," DE","18195,3","8,79"
"15985591","UPS","Crates","Essen",2500,2675,-20,20,"Retail","04555","Vogel Horn OHG mbH",6,-2,0,1,2675,"kg","Non-automated","2018-05-30 00:00:01","2018-05-28 00:00:01"," FR","10138,25","3,79"
"15985691","UPS","Pallets","Essen",710,710,0,0,"Retail","22069","Pietsch",1,-4,1,1,710,"kg","Non-automated","2018-09-25 00:00:01","2018-09-21 00:00:01"," DE","3861,0","5,44"
"15985991","UPS","Pallets","Aachen",19,19,0,0,"Retail","67555","Becker",1,0,1,1,19,"kg","Non-automated","2018-04-25 00:00:01","2018-04-25 00:00:01"," DE","137,26","7,22"
"15981791","UPS","Pallets","Aachen",847,846,0,0,"Retail","67555","Becker",1,0,0,1,846,"kg","Non-automated","2018-04-18 00:00:01","2018-04-18 00:00:01"," DE","6161,76","7,28"
"15981391","UPS","Pallets","Aachen",699,700,0,0,"Retail","67555","Becker",1,0,0,1,700,"kg","Non-automated","2018-04-18 00:00:01","2018-04-18 00:00:01"," DE","5088,82","7,27"
"15986191","UPS","Pallets","Aachen",66,66,0,0,"Retail","67555","Becker",1,0,1,1,66,"kg","Non-automated","2018-04-18 00:00:01","2018-04-18 00:00:01"," DE","470,64","7,13"
"15986691","UPS","Pallets","Essen",71,71,0,0,"Retail","67555","Becker",1,0,1,1,71,"kg","Non-automated","2018-04-18 00:00:01","2018-04-18 00:00:01"," DE","689,6","9,71"
"15986391","UPS","Pallets","Aachen",90,90,0,0,"Retail","67555","Becker",1,-2,1,1,90,"kg","Non-automated","2018-04-18 00:00:01","2018-04-16 00:00:01"," DE","643,2","7,15"
"15986991","UPS","Pallets","Aachen",164,164,0,0,"Retail","67555","Becker",1,0,1,1,164,"kg","Non-automated","2018-04-18 00:00:01","2018-04-18 00:00:01"," DE","1176,6","7,17"
"15986291","UPS","Pallets","Aachen",53,53,0,0,"Retail","67555","Becker",1,-2,1,1,53,"kg","Non-automated","2018-04-18 00:00:01","2018-04-16 00:00:01"," DE","559,38","10,55"
"15986491","UPS","Pallets","Aachen",18,18,0,0,"Retail","67555","Becker",1,-2,1,1,18,"kg","Non-automated","2018-04-18 00:00:01","2018-04-16 00:00:01"," DE","128,64","7,15"
"15987191","UPS","Pallets","Essen",27,27,0,0,"Retail","67555","Becker",1,0,1,1,27,"kg","Non-automated","2018-04-18 00:00:01","2018-04-18 00:00:01"," DE","258,6","9,58"
"15987091","UPS","Pallets","Essen",27,27,0,0,"Retail","67555","Becker",1,0,1,1,27,"kg","Non-automated","2018-04-18 00:00:01","2018-04-18 00:00:01"," DE","258,6","9,58"
"15987291","UPS","Pallets","Aachen",102,102,0,0,"Retail","67555","Becker",1,-2,1,1,102,"kg","Non-automated","2018-04-18 00:00:01","2018-04-16 00:00:01"," DE","1079,44","10,58"
"15987491","UPS","Pallets","Aachen",235,235,0,0,"Retail","67555","Becker",1,0,1,1,235,"kg","Non-automated","2018-04-18 00:00:01","2018-04-18 00:00:01"," DE","1933,68","8,23"
"15983691","UPS","Pallets","Aachen",4,4,0,0,"Retail","67555","Becker",1,-2,1,1,4,"kg","Non-automated","2018-04-18 00:00:01","2018-04-16 00:00:01"," DE","32,16","8,04"
"15983391","UPS","Pallets","Essen",18,18,0,0,"Retail","67555","Becker",1,-2,1,1,18,"kg","Non-automated","2018-04-18 00:00:01","2018-04-16 00:00:01"," DE","170,62","9,48"
"15983891","UPS","Pallets","Aachen",25,25,0,0,"Retail","67555","Becker",1,0,1,1,25,"kg","Non-automated","2018-04-18 00:00:01","2018-04-18 00:00:01"," DE","176,49","7,06"
"15983291","UPS","Pallets","Essen",27,27,0,0,"Retail","67555","Becker",1,0,1,1,27,"kg","Non-automated","2018-04-18 00:00:01","2018-04-18 00:00:01"," DE","258,6","9,58"
"15989791","UPS","Pallets","Essen",71,71,0,0,"Retail","67555","Becker",1,-2,1,1,71,"kg","Non-automated","2018-04-18 00:00:01","2018-04-16 00:00:01"," DE","682,48","9,61"
"15989991","UPS","Pallets","Aachen",117,117,0,0,"Retail","67555","Becker",1,0,1,1,117,"kg","Non-automated","2018-04-18 00:00:01","2018-04-18 00:00:01"," DE","966,84","8,26"
"15989292","UPS","Crates","Aachen",5000,5152,-20,20,"Retail","69555","Wiegand",2,0,0,1,5152,"kg","Non-automated","2018-05-22 00:00:01","2018-05-22 00:00:01"," DE","27151,04","5,27"
"15980191","UPS","Crates","Essen",1000,1240,-10,10,"Retail","93955","Ritter Adler GbR",1,-1,0,1,1240,"kg","Non-automated","2018-05-03 00:00:01","2018-05-02 00:00:01"," DE","8432,0","6,8"
"15980791","FedEx","Pallets","Essen",57,57,0,0,"Construction","6155","Meißner GmbH & Co. KGaA",2,-2,1,1,57,"kg","Non-automated","2018-07-20 00:00:01","2018-07-18 00:00:01"," CH","347,0","6,09"
"15980793","FedEx","Pallets","Essen",61,61,0,0,"Construction","6155","Meißner GmbH & Co. KGaA",2,0,1,1,61,"kg","Non-automated","2018-08-15 00:00:01","2018-08-15 00:00:01"," CH","383,6","6,29"
"15980391","UPS","Crates","Aachen",5416,4243,-5,10,"Construction","00855","Hoppe Stiftung & Co. KG",1,0,0,1,2845,"kg","Non-automated","2018-05-29 00:00:01","2018-05-29 00:00:01"," NL","16899,3","5,94"
"15980392","UPS","Crates","Aachen",660,660,-10,10,"Construction","00855","Hoppe Stiftung & Co. KG",1,0,1,1,660,"kg","Automated","2018-05-29 00:00:01","2018-05-29 00:00:01"," NL","4455,0","6,75"
"15980091","UPS","Pallets","Crefeld",230,230,0,0,"Retail","38955","Adam KG",6,0,1,1,230,"kg","Non-automated","2018-05-14 00:00:01","2018-05-14 00:00:01"," SE","3430,44","14,91"
"15980092","UPS","Pallets","Crefeld",230,230,0,0,"Retail","38955","Adam KG",6,0,1,1,230,"kg","Non-automated","2018-05-14 00:00:01","2018-05-14 00:00:01"," SE","3430,44","14,91"
"15980891","UPS","Pallets","Crefeld",230,230,0,0,"Retail","38955","Adam KG",6,0,1,1,230,"kg","Non-automated","2018-05-18 00:00:01","2018-05-18 00:00:01"," SE","3430,44","14,91"
"15980892","UPS","Pallets","Crefeld",230,230,0,0,"Retail","38955","Adam KG",6,0,1,1,230,"kg","Non-automated","2018-05-14 00:00:01","2018-05-14 00:00:01"," SE","3430,44","14,91"
"15980291","UPS","Pallets","Crefeld",33,33,0,0,"Retail","38955","Adam KG",6,0,1,1,33,"kg","Non-automated","2018-05-18 00:00:01","2018-05-18 00:00:01"," SE","497,55","15,08"
"15980292","UPS","Pallets","Crefeld",33,33,0,0,"Retail","38955","Adam KG",6,0,1,1,33,"kg","Non-automated","2018-05-18 00:00:01","2018-05-18 00:00:01"," SE","497,55","15,08"
"15980491","UPS","Pallets","Crefeld",196,200,0,0,"Retail","38955","Adam KG",6,-1,0,1,200,"kg","Non-automated","2018-05-23 00:00:01","2018-05-22 00:00:01"," SE","2925,36","14,63"
"15988992","UPS","Crates","Aachen",1000,842,-20,20,"Retail","82555","Eberhardt",1,7,0,0,842,"kg","Non-automated","2018-05-15 00:00:01","2018-05-22 00:00:01"," DE","5153,04","6,12"
"15988993","UPS","Crates","Aachen",2000,2145,-20,20,"Retail","82555","Eberhardt",1,9,0,0,2145,"kg","Non-automated","2018-05-15 00:00:01","2018-05-24 00:00:01"," DE","12848,55","5,99"
"15988994","UPS","Crates","Aachen",2000,1961,-20,20,"Retail","82555","Eberhardt",1,0,0,1,1961,"kg","Non-automated","2018-05-22 00:00:01","2018-05-22 00:00:01"," DE","11805,22","6,02"
"15988995","UPS","Crates","Aachen",2000,653,-20,20,"Retail","82555","Eberhardt",1,13,0,0,653,"kg","Non-automated","2018-05-15 00:00:01","2018-05-28 00:00:01"," DE","4015,95","6,15"
"15988091","UPS","Pallets","Crefeld",38,38,0,0,"Retail","38955","Adam KG",5,0,1,1,38,"kg","Non-automated","2018-05-14 00:00:01","2018-05-14 00:00:01"," SE","571,74","15,05"
"15988092","UPS","Pallets","Crefeld",38,38,0,0,"Retail","38955","Adam KG",5,0,1,1,38,"kg","Non-automated","2018-05-14 00:00:01","2018-05-14 00:00:01"," SE","571,74","15,05"
"15988291","UPS","Pallets","Aachen",166,166,0,0,"Retail","67555","Becker",1,0,1,1,166,"kg","Non-automated","2018-04-16 00:00:01","2018-04-16 00:00:01"," DE","1211,85","7,3"
"15982591","UPS","Pallets","Aachen",20,20,0,0,"Retail","67555","Becker",1,0,1,1,20,"kg","Non-automated","2018-04-23 00:00:01","2018-04-23 00:00:01"," DE","282,48","14,12"
"15982191","UPS","Crates","Aachen",5100,5033,-20,20,"Retail","69555","Wiegand",2,0,0,1,5033,"kg","Non-automated","2018-04-24 00:00:01","2018-04-24 00:00:01"," DE","27178,2","5,4"
"15982691","UPS","Crates","Aachen",2100,1797,-20,20,"Retail","69555","Wiegand",2,0,0,1,845,"kg","Non-automated","2018-04-24 00:00:01","2018-04-24 00:00:01"," DE","5010,85","5,93"
"15982391","UPS","Crates","Aachen",1000,1125,0,20,"Retail","91595","Jürgens",3,0,0,1,1125,"kg","Non-automated","2018-05-08 00:00:01","2018-05-08 00:00:01"," DE","6806,25","6,05"
"15982091","UPS","Crates","Aachen",5154,5154,-20,20,"Retail","91595","Jürgens",1,0,1,1,5154,"kg","Non-automated","2018-04-17 00:00:01","2018-04-17 00:00:01"," DE","36902,64","7,16"
"15982893","UPS","Crates","Aachen",1000,1104,0,20,"Retail","91595","Jürgens",1,0,0,1,1104,"kg","Non-automated","2018-04-19 00:00:01","2018-04-19 00:00:01"," DE","6679,2","6,05"
"15984391","UPS","Crates","Aachen",1000,1015,-10,10,"Retail","67155","Geyer",1,0,0,1,1015,"kg","Non-automated","2018-04-23 00:00:01","2018-04-23 00:00:01"," DE","6800,5","6,7"
"15984093","FedEx","Crates","Aachen",1300,1355,-5,15,"Construction","6155","Meißner GmbH & Co. KGaA",1,0,0,1,1355,"kg","Non-automated","2018-06-20 00:00:01","2018-06-20 00:00:01"," CH","7750,6","5,72"
"15984094","FedEx","Crates","Aachen",3000,3598,-5,20,"Construction","6155","Meißner GmbH & Co. KGaA",1,-5,0,1,3598,"kg","Non-automated","2018-07-25 00:00:01","2018-07-20 00:00:01"," CH","19105,38","5,31"
"15984095","FedEx","Crates","Aachen",2600,2682,-5,15,"Construction","6155","Meißner GmbH & Co. KGaA",1,0,0,1,2154,"kg","Non-automated","2018-07-25 00:00:01","2018-07-25 00:00:01"," CH","12320,88","5,72"
"15984892","UPS","Crates","Aachen",1120,1351,-10,10,"Retail","93915","Reiter",1,0,0,1,1351,"kg","Non-automated","2018-05-08 00:00:01","2018-05-08 00:00:01"," DE","9240,84","6,84"
"15984291","UPS","Crates","Aachen",1980,1980,-10,10,"Retail","69555","Wiegand",2,0,1,1,1980,"kg","Non-automated","2018-04-24 00:00:01","2018-04-24 00:00:01"," DE","17404,2","8,79"
"15984491","UPS","Crates","Aachen",814,814,-20,20,"Retail","69555","Wiegand",2,0,1,1,814,"kg","Non-automated","2018-06-14 00:00:01","2018-06-14 00:00:01"," DE","6943,2","8,53"
"15925391","UPS","Crates","Essen",1300,1100,-20,20,"Retail","77689","Hohmann GmbH",1,-1,0,1,1100,"kg","Non-automated","2018-05-03 00:00:01","2018-05-02 00:00:01"," FR","6446,0","5,86"
"15925991","UPS","Crates","Aachen",2000,2293,-20,20,"Retail","04869","Hempel AG & Co. KG",1,0,0,1,2293,"kg","Non-automated","2018-06-19 00:00:01","2018-06-19 00:00:01"," DE","15271,38","6,66"
"15925891","UPS","Crates","Aachen",2700,2735,-20,20,"Retail","76235","Hildebrandt",1,-1,0,1,2735,"kg","Non-automated","2018-07-11 00:00:01","2018-07-10 00:00:01"," FR","20293,7","7,42"
"15925491","UPS","Pallets","Aachen",19,19,0,0,"Retail","67555","Becker",1,0,1,1,19,"kg","Non-automated","2018-05-02 00:00:01","2018-05-02 00:00:01"," DE","137,26","7,22"
"15921791","UPS","Pallets","Aachen",110,110,0,0,"Retail","67555","Becker",1,0,1,1,110,"kg","Non-automated","2018-05-23 00:00:01","2018-05-23 00:00:01"," DE","807,9","7,34"
"15921391","UPS","Pallets","Aachen",68,68,0,0,"Retail","67555","Becker",1,0,1,1,68,"kg","Non-automated","2018-04-23 00:00:01","2018-04-23 00:00:01"," DE","952,08","14,0"
"15926191","UPS","Pallets","Aachen",74,74,0,0,"Retail","67555","Becker",1,0,1,1,74,"kg","Non-automated","2018-04-23 00:00:01","2018-04-23 00:00:01"," DE","529,47","7,16"
"15926891","UPS","Pallets","Essen",39,39,0,0,"Retail","67555","Becker",1,0,1,1,39,"kg","Non-automated","2018-04-23 00:00:01","2018-04-23 00:00:01"," DE","413,68","10,61"
"15927291","UPS","Pallets","Essen",38,38,0,0,"Retail","67555","Becker",1,0,1,1,38,"kg","Non-automated","2018-04-23 00:00:01","2018-04-23 00:00:01"," DE","369,4","9,72"
"15923991","UPS","Crates","Essen",2100,2265,-20,20,"Retail","69555","Wiegand",2,0,0,1,2265,"kg","Non-automated","2018-04-26 00:00:01","2018-04-26 00:00:01"," DE","12004,5","5,3"
"15923091","UPS","Crates","Aachen",2000,1926,-20,20,"Retail","93955","Ritter Adler GbR",1,0,0,1,1926,"kg","Non-automated","2018-05-15 00:00:01","2018-05-15 00:00:01"," DE","12519,0","6,5"
"15923891","UPS","Crates","Essen",4000,4560,-20,20,"Retail","93955","Ritter Adler GbR",1,0,0,1,4560,"kg","Non-automated","2018-05-08 00:00:01","2018-05-08 00:00:01"," DE","31509,6","6,91"
"15923491","UPS","Crates","Aachen",4657,5230,-5,15,"Construction","7579","Franz",2,21,0,0,5230,"kg","Non-automated","2018-06-05 00:00:01","2018-06-26 00:00:01"," GB","26473,058","4,46"
"15929591","UPS","Pallets","Crefeld",138,138,0,0,"Retail","37789","Krauß AG",1,0,1,1,138,"kg","Non-automated","2018-05-02 00:00:01","2018-05-02 00:00:01"," DE","2008,0","14,55"