"CASE_KEY","ACTIVITY_EN","EVENTTIME","SORTING"
"15527191","Start production",2017-04-03 00:00:00,30
"15527191","Order received",2017-04-26 10:15:12,0
"15527191","Change price",2017-04-26 10:15:12,80
"15527191","Change production start date",2017-04-26 10:16:52,90
"15527191","Change delivery date",2017-04-26 10:18:32,100
"15527191","Check Credit Score",2017-04-26 10:18:52,19
"15527191","Confirm sale",2017-04-26 10:31:07,10
"15527191","Change quantity",2017-05-11 10:01:44,170
"15527191","Change quantity",2017-05-29 08:20:10,170
"15527191","Change production start date",2017-05-29 08:26:21,90
"15527191","Change quantity",2017-09-18 08:28:12,170
"15527191","Change quantity",2017-10-12 09:04:37,170
"15527191","Change production start date",2017-10-12 13:07:20,90
"15527191","Change delivery date",2017-10-12 13:07:20,100
"15527191","Change quantity",2017-11-27 08:11:41,170
"15527191","Change delivery date",2017-11-27 16:02:39,100
"15527191","Change delivery date",2018-01-04 10:24:41,100
"15527191","Change production start date",2018-01-08 12:53:49,90
"15527191","Finished production",2018-01-26 08:27:46,40
"15527191","Load shipment",2018-01-26 08:27:46,50
"15527191","Change production start date",2018-01-26 08:27:46,90
"15527191","Change delivery date",2018-01-26 08:27:46,100
"15527191","Goods delivered",2018-01-29 00:00:00,60
"15527691","Order received",2017-04-26 10:16:21,0
"15527691","Change price",2017-04-26 10:16:21,80
"15527691","Change production start date",2017-04-26 10:16:53,90
"15527691","Change delivery date",2017-04-26 10:18:40,100
"15527691","Check Credit Score",2017-04-26 10:18:54,19
"15527691","Confirm sale",2017-04-26 10:31:16,10
"15527691","Start production",2017-06-12 00:00:00,30
"15527691","Change quantity",2017-07-21 09:04:53,170
"15527691","Change price",2017-08-23 15:58:42,80
"15527691","Change quantity",2017-08-23 15:58:42,170
"15527691","Change production start date",2017-10-12 13:08:16,90
"15527691","Change delivery date",2017-10-12 13:08:16,100
"15527691","Change price",2017-11-24 13:10:13,80
"15527691","Change quantity",2017-11-24 13:10:13,170
"15527691","Change production start date",2017-12-20 08:41:30,90
"15527691","Change delivery date",2017-12-20 08:41:30,100
"15527691","Load shipment",2018-02-01 13:50:03,50
"15527691","Change quantity",2018-02-01 13:50:03,170
"15527691","Finished production",2018-02-02 00:00:00,40
"15527691","Goods delivered",2018-02-02 00:00:00,60
"15113491","Start production",2017-05-02 00:00:00,30
"15113491","Order received",2017-05-12 08:51:54,0
"15113491","Change price",2017-05-12 08:51:54,80
"15113491","Change production start date",2017-05-12 08:55:20,90
"15113491","Check Credit Score",2017-05-12 08:55:21,19
"15113491","Confirm sale",2017-05-12 08:56:29,10
"15113491","Change delivery date",2017-05-12 08:57:02,100
"15113491","Change quantity",2017-05-29 08:24:10,170
"15113491","Change quantity",2017-09-06 10:01:49,170
"15113491","Change production start date",2017-10-12 13:09:43,90
"15113491","Change delivery date",2017-10-12 13:09:43,100
"15113491","Change production start date",2017-12-05 11:26:08,90
"15113491","Change delivery date",2017-12-05 11:26:08,100
"15113491","Change production start date",2017-12-27 16:23:25,90
"15113491","Change delivery date",2017-12-27 16:23:25,100
"15113491","Finished production",2018-01-12 00:00:00,40
"15113491","Load shipment",2018-01-15 00:00:00,50
"15113491","Goods delivered",2018-01-16 09:25:52,60
"15113491","Change quantity",2018-01-16 09:25:52,170
"15170191","Change price",2017-05-24 10:42:37,80
"15170191","Change production start date",2017-05-24 13:05:25,90
"15170191","Check Credit Score",2017-05-24 13:05:26,19
"15170191","Confirm sale",2017-05-31 13:16:42,10
"15170191","Start production",2017-06-12 00:00:00,30
"15170191","Change quantity",2017-08-29 16:31:11,170
"15170191","Change quantity",2017-08-30 10:35:42,170
"15170191","Change delivery date",2017-10-05 14:08:03,100
"15170191","Change quantity",2017-10-20 08:36:16,170
"15170191","Change production start date",2017-11-20 15:07:34,90
"15170191","Change quantity",2017-12-08 11:11:45,170
"15170191","Change quantity",2018-01-26 14:38:05,170
"15170191","Order received",2018-03-21 12:22:23,0
"15170191","Change production start date",2018-03-21 12:22:23,90
"15170191","Change delivery date",2018-03-21 12:22:23,100
"15170191","Change delivery date",2018-03-22 14:50:52,100
"15170191","Change production start date",2018-03-23 09:35:57,90
"15170191","Change delivery date",2018-03-23 09:35:57,100
"15170191","Change quantity",2018-03-23 09:37:17,170
"15170191","Finished production",2018-03-26 00:00:00,40
"15170191","Load shipment",2018-03-27 00:00:00,50
"15170191","Goods delivered",2018-03-28 08:50:44,60
"15170191","Change quantity",2018-03-28 08:50:44,170
"15170195","Start production",2017-06-12 00:00:00,30
"15170195","Order received",2017-12-08 11:10:31,0
"15170195","Change production start date",2017-12-08 11:10:31,90
"15170195","Change price",2017-12-08 11:10:45,80
"15170195","Change delivery date",2017-12-08 11:12:26,100
"15170195","Check Credit Score",2017-12-08 11:13:18,19
"15170195","Confirm sale",2017-12-19 14:26:30,10
"15170195","Finished production",2018-01-12 00:00:00,40
"15170195","Load shipment",2018-01-12 00:00:00,50
"15170195","Goods delivered",2018-01-15 00:00:00,60
"15170196","Start production",2017-06-12 00:00:00,30
"15170196","Order received",2018-01-26 14:37:16,0
"15170196","Change production start date",2018-01-26 14:37:16,90
"15170196","Change price",2018-01-26 14:38:23,80
"15170196","Check Credit Score",2018-01-26 14:38:54,19
"15170196","Confirm sale",2018-01-31 15:49:10,10
"15170196","Finished production",2018-02-23 00:00:00,40
"15170196","Load shipment",2018-02-24 00:00:00,50
"15170196","Goods delivered",2018-02-27 00:00:00,60
"15106391","Order received",2017-06-12 09:23:21,0
"15106391","Change price",2017-06-12 09:23:21,80
"15106391","Change production start date",2017-06-12 09:25:53,90
"15106391","Check Credit Score",2017-06-12 09:25:54,19
"15106391","Confirm sale",2017-06-12 09:45:20,10
"15106391","Change delivery date",2017-06-12 09:48:57,100
"15106391","Change quantity",2017-08-02 09:54:59,170
"15106391","Change quantity",2017-09-18 08:31:22,170
"15106391","Change production start date",2017-10-12 13:11:30,90
"15106391","Change delivery date",2017-10-12 13:11:30,100
"15106391","Start production",2017-12-12 00:00:00,30
"15106391","Change production start date",2017-12-20 08:43:24,90
"15106391","Change delivery date",2017-12-20 08:43:24,100
"15106391","Finished production",2018-01-26 15:55:05,40
"15106391","Load shipment",2018-01-26 15:55:05,50
"15106391","Goods delivered",2018-01-30 00:00:00,60
"15106991","Order received",2017-06-12 09:25:37,0
"15106991","Start production",2017-06-12 09:25:37,30
"15106991","Change price",2017-06-12 09:25:37,80
"15106991","Change production start date",2017-06-12 09:25:55,90
"15106991","Check Credit Score",2017-06-12 09:25:56,19
"15106991","Confirm sale",2017-06-12 09:45:26,10
"15106991","Change delivery date",2017-06-12 09:47:57,100
"15106991","Change quantity",2017-07-21 08:53:58,170
"15106991","Change quantity",2017-10-12 09:13:02,170
"15106991","Change production start date",2017-10-12 13:14:28,90
"15106991","Change delivery date",2017-10-12 13:14:28,100
"15106991","Change delivery date",2017-11-27 16:03:32,100
"15106991","Change production start date",2017-12-11 09:06:33,90
"15106991","Finished production",2018-02-09 00:00:00,40
"15106991","Load shipment",2018-02-13 11:43:55,50
"15106991","Goods delivered",2018-02-13 11:43:55,60
"15107592","Change price",2017-06-12 12:56:40,80
"15107592","Change production start date",2017-06-15 14:48:03,90
"15107592","Check Credit Score",2017-06-15 16:55:39,19
"15107592","Confirm sale",2017-06-16 13:36:27,10
"15107592","Change price",2017-08-29 15:49:04,80
"15107592","Change quantity",2017-08-29 15:49:04,170
"15107592","Change delivery date",2017-10-05 14:09:01,100
"15107592","Change quantity",2017-10-13 11:01:09,170
"15107592","Start production",2017-10-20 00:00:00,30
"15107592","Change production start date",2017-11-20 15:10:15,90
"15107592","Order received",2017-12-07 13:22:37,0
"15107592","Change production start date",2017-12-07 13:22:37,90
"15107592","Change delivery date",2017-12-07 13:22:37,100
"15107592","Finished production",2018-01-12 00:00:00,40
"15107592","Load shipment",2018-01-12 00:00:00,50
"15107592","Goods delivered",2018-01-15 00:00:00,60
"15121392","Order received",2017-06-23 00:00:00,0
"15121392","Credit order block",2017-06-26 11:45:46,20
"15121392","Change price",2017-06-26 11:45:46,80
"15121392","Check Credit Score",2017-06-26 13:01:34,19
"15121392","Change production start date",2017-06-26 13:01:34,90
"15121392","Confirm sale",2017-06-29 14:04:39,10
"15121392","Start production",2017-09-08 00:00:00,30
"15121392","Finished production",2018-01-05 00:00:00,40
"15121392","Load shipment",2018-01-15 00:24:20,50
"15121392","Change quantity",2018-01-14 00:24:20,170
"15121392","Change quantity",2018-01-15 16:10:23,170
"15121392","Goods delivered",2018-01-16 00:00:00,60
"15147292","Order received",2017-06-30 00:00:00,0
"15147292","Change price",2017-07-03 13:00:33,80
"15147292","Change production start date",2017-07-04 07:23:42,90
"15147292","Check Credit Score",2017-07-04 07:23:43,19
"15147292","Confirm sale",2017-07-10 10:46:04,10
"15147292","Start production",2017-09-08 00:00:00,30
"15147292","Change delivery date",2017-10-05 14:14:51,100
"15147292","Finished production",2017-12-20 00:00:00,40
"15147292","Change delivery date",2018-03-08 10:27:21,100
"15147292","Load shipment",2018-03-15 00:00:00,50
"15147292","Goods delivered",2018-03-19 00:00:00,60
"15617794","Start production",2017-10-19 00:00:00,30
"15617794","Order received",2018-01-23 10:17:52,0
"15617794","Change production start date",2018-01-23 10:17:52,90
"15617794","Change price",2018-01-23 10:18:19,80
"15617794","Change delivery date",2018-01-23 10:19:06,100
"15617794","Check Credit Score",2018-01-23 10:19:53,19
"15617794","Confirm sale",2018-01-30 08:51:06,10
"15617794","Finished production",2018-02-08 00:00:00,40
"15617794","Load shipment",2018-02-08 00:00:00,50
"15617794","Goods delivered",2018-02-12 00:00:00,60
"15619491","Credit order block",2017-07-14 14:47:57,20
"15619491","Change production start date",2017-07-14 14:47:57,90
"15619491","Change quantity",2017-07-14 14:51:30,170
"15619491","Check Credit Score",2017-07-14 14:56:50,19
"15619491","Confirm sale",2017-07-20 17:24:29,10
"15619491","Start production",2017-07-21 00:00:00,30
"15619491","Change quantity",2017-09-27 16:22:08,170
"15619491","Change delivery date",2017-10-05 14:16:38,100
"15619491","Change production start date",2017-11-20 15:33:22,90
"15619491","Change quantity",2017-12-07 09:38:25,170
"15619491","Order received",2018-04-18 08:51:39,0
"15619491","Change production start date",2018-04-18 08:51:39,90
"15619491","Change delivery date",2018-04-18 08:51:39,100
"15619491","Change price",2018-04-18 09:55:43,80
"15619491","Change quantity",2018-04-18 09:55:43,170
"15619491","Finished production",2018-04-20 00:00:00,40
"15619491","Load shipment",2018-04-24 13:50:57,50
"15619491","Change quantity",2018-04-24 13:50:57,170
"15619491","Goods delivered",2018-04-25 00:00:00,60
"15619494","Order received",2017-07-12 00:00:00,0
"15619494","Start production",2017-07-21 00:00:00,30
"15619494","Change production start date",2017-12-01 09:44:56,90
"15619494","Change delivery date",2017-12-01 09:45:15,100
"15619494","Check Credit Score",2017-12-07 09:02:24,19
"15619494","Confirm sale",2017-12-08 11:50:44,10
"15619494","Finished production",2018-01-12 00:00:00,40
"15619494","Load shipment",2018-01-12 00:00:00,50
"15619494","Goods delivered",2018-01-15 00:00:00,60
"15631191","Order received",2017-08-03 00:00:00,0
"15631191","Change price",2017-08-04 13:55:16,80
"15631191","Credit order block",2017-08-07 11:16:23,20
"15631191","Change production start date",2017-08-07 11:19:11,90
"15631191","Check Credit Score",2017-08-07 11:19:12,19
"15631191","Confirm sale",2017-08-16 09:04:06,10
"15631191","Change delivery date",2017-10-05 14:18:09,100
"15631191","Change production start date",2017-11-20 15:31:11,90
"15631191","Change production start date",2017-12-12 08:49:04,90
"15631191","Change quantity",2018-02-02 09:39:06,170
"15631191","Change price",2018-04-26 15:43:39,80
"15631191","Change quantity",2018-04-26 15:43:39,170
"15631191","Change production start date",2018-08-13 09:19:01,90
"15631191","Change delivery date",2018-08-13 09:19:01,100
"15631191","Start production",2018-08-15 00:00:00,30
"15631191","Finished production",2018-08-17 00:00:00,40
"15631191","Load shipment",2018-08-20 00:00:00,50
"15631191","Goods delivered",2018-08-21 00:00:00,60
"15631193","Order received",2018-02-02 09:37:55,0
"15631193","Change production start date",2018-02-02 09:37:55,90
"15631193","Change delivery date",2018-02-02 09:37:55,100
"15631193","Change price",2018-02-02 09:38:22,80
"15631193","Check Credit Score",2018-02-02 09:39:18,19
"15631193","Confirm sale",2018-02-05 13:06:55,10
"15631193","Start production",2018-03-02 00:00:00,30
"15631193","Finished production",2018-03-02 00:00:00,40
"15631193","Load shipment",2018-03-05 00:00:00,50
"15631193","Goods delivered",2018-03-06 00:00:00,60
"15631194","Order received",2018-04-26 15:42:53,0
"15631194","Change production start date",2018-04-26 15:42:53,90
"15631194","Change delivery date",2018-04-26 15:42:53,100
"15631194","Change price",2018-04-26 15:43:17,80
"15631194","Check Credit Score",2018-04-26 15:46:14,19
"15631194","Confirm sale",2018-04-30 14:14:04,10
"15631194","Start production",2018-05-07 00:00:00,30
"15631194","Finished production",2018-05-09 00:00:00,40
"15631194","Load shipment",2018-05-14 00:00:00,50
"15631194","Goods delivered",2018-05-15 00:00:00,60
"156325912","Order received",2017-07-13 00:00:00,0
"156325912","Credit order block",2017-08-24 11:47:55,20
"156325912","Change production start date",2017-08-24 11:47:55,90
"156325912","Change delivery date",2017-08-24 12:33:03,100
"156325912","Check Credit Score",2017-08-24 12:35:51,19
"156325912","Change delivery date",2017-08-29 13:54:06,100
"156325912","Change production start date",2017-08-29 13:54:32,90
"156325912","Confirm sale",2017-08-29 14:00:20,10
"156325912","Change production start date",2018-01-11 17:10:31,90
"156325912","Change delivery date",2018-01-11 17:10:31,100
"156325912","Start production",2018-01-31 00:00:00,30
"156325912","Load shipment",2018-03-01 00:00:00,50
"156325912","Finished production",2018-03-02 00:00:00,40
"156325912","Goods delivered",2018-03-05 00:00:00,60
"15632593","Order received",2017-07-13 00:00:00,0
"15632593","Credit order block",2017-08-24 09:11:36,20
"15632593","Change delivery date",2017-08-24 09:11:36,100
"15632593","Change production start date",2017-08-24 09:20:06,90
"15632593","Check Credit Score",2017-08-24 12:35:44,19
"15632593","Change delivery date",2017-08-29 13:53:26,100
"15632593","Change production start date",2017-08-29 13:54:18,90
"15632593","Confirm sale",2017-08-29 14:00:15,10
"15632593","Start production",2017-12-14 00:00:00,30
"15632593","Change production start date",2018-01-11 17:08:37,90
"15632593","Change delivery date",2018-01-11 17:08:37,100
"15632593","Load shipment",2018-03-01 00:00:00,50
"15632593","Finished production",2018-03-02 00:00:00,40
"15632593","Goods delivered",2018-03-05 00:00:00,60
"15632596","Order received",2017-07-13 00:00:00,0
"15632596","Credit order block",2017-08-24 11:23:31,20
"15632596","Change delivery date",2017-08-24 11:23:31,100
"15632596","Check Credit Score",2017-08-24 12:35:46,19
"15632596","Change production start date",2017-08-24 12:35:46,90
"15632596","Change delivery date",2017-08-29 13:53:36,100
"15632596","Change production start date",2017-08-29 13:54:23,90
"15632596","Confirm sale",2017-08-29 14:00:17,10
"15632596","Start production",2017-12-14 00:00:00,30
"15632596","Change production start date",2018-01-11 17:09:29,90
"15632596","Change delivery date",2018-01-11 17:09:29,100
"15632596","Load shipment",2018-03-01 00:00:00,50
"15632596","Finished production",2018-03-02 00:00:00,40
"15632596","Goods delivered",2018-03-05 00:00:00,60
"15632599","Order received",2017-07-13 00:00:00,0
"15632599","Credit order block",2017-08-24 11:37:33,20
"15632599","Change production start date",2017-08-24 11:37:33,90
"15632599","Change delivery date",2017-08-24 11:37:58,100
"15632599","Check Credit Score",2017-08-24 12:35:49,19
"15632599","Change delivery date",2017-08-29 13:53:54,100
"15632599","Change production start date",2017-08-29 13:54:27,90
"15632599","Confirm sale",2017-08-29 14:00:18,10
"15632599","Change production start date",2018-01-11 17:09:56,90
"15632599","Change delivery date",2018-01-11 17:09:56,100
"15632599","Start production",2018-01-31 00:00:00,30
"15632599","Load shipment",2018-03-01 00:00:00,50
"15632599","Finished production",2018-03-02 00:00:00,40
"15632599","Goods delivered",2018-03-05 00:00:00,60
"15632891","Order received",2017-08-22 00:00:00,0
"15632891","Change quantity",2017-08-24 14:52:55,170
"15632891","Change price",2017-08-24 14:54:08,80
"15632891","Change production start date",2017-08-24 15:10:07,90
"15632891","Check Credit Score",2017-08-24 15:10:08,19
"15632891","Change delivery date",2017-08-25 10:10:11,100
"15632891","Change production start date",2017-08-25 10:10:33,90
"15632891","Confirm sale",2017-08-25 10:30:24,10
"15632891","Start production",2017-09-07 00:00:00,30
"15632891","Finished production",2018-01-05 00:00:00,40
"15632891","Load shipment",2018-01-08 00:00:00,50
"15632891","Goods delivered",2018-01-10 00:00:00,60
"15632892","Order received",2017-08-22 00:00:00,0
"15632892","Change production start date",2017-08-24 14:52:49,90
"15632892","Change quantity",2017-08-24 14:54:17,170
"15632892","Change price",2017-08-24 14:55:12,80
"15632892","Check Credit Score",2017-08-24 15:10:09,19
"15632892","Change delivery date",2017-08-25 10:10:18,100
"15632892","Change production start date",2017-08-25 10:10:36,90
"15632892","Confirm sale",2017-08-25 10:30:25,10
"15632892","Start production",2017-09-07 00:00:00,30
"15632892","Finished production",2018-01-05 00:00:00,40
"15632892","Load shipment",2018-01-08 00:00:00,50
"15632892","Goods delivered",2018-01-10 00:00:00,60
"15632894","Order received",2017-08-22 00:00:00,0
"15632894","Change production start date",2017-08-24 14:57:31,90
"15632894","Check Credit Score",2017-08-24 15:10:12,19
"15632894","Change delivery date",2017-08-25 10:11:24,100
"15632894","Change production start date",2017-08-25 10:11:31,90
"15632894","Confirm sale",2017-08-25 10:30:26,10
"15632894","Start production",2017-09-18 00:00:00,30
"15632894","Finished production",2018-01-05 00:00:00,40
"15632894","Load shipment",2018-01-08 00:00:00,50
"15632894","Goods delivered",2018-01-10 00:00:00,60
"15632895","Start production",2017-05-19 00:00:00,30
"15632895","Order received",2017-08-22 00:00:00,0
"15632895","Change production start date",2017-08-24 15:10:13,90
"15632895","Check Credit Score",2017-08-24 15:10:14,19
"15632895","Change delivery date",2017-08-25 10:29:46,100
"15632895","Change production start date",2017-08-25 10:29:54,90
"15632895","Confirm sale",2017-08-25 10:30:26,10
"15632895","Finished production",2018-01-05 00:00:00,40
"15632895","Load shipment",2018-01-08 00:00:00,50
"15632895","Goods delivered",2018-01-10 00:00:00,60
"15632896","Order received",2017-08-22 00:00:00,0
"15632896","Change production start date",2017-08-24 15:05:46,90
"15632896","Check Credit Score",2017-08-24 15:05:48,19
"15632896","Change delivery date",2017-08-25 10:31:18,100
"15632896","Change production start date",2017-08-25 10:31:19,90
"15632896","Confirm sale",2017-08-25 10:31:59,10
"15632896","Start production",2017-11-30 00:00:00,30
"15632896","Change quantity",2018-01-03 09:48:25,170
"15632896","Finished production",2018-01-05 00:00:00,40
"15632896","Load shipment",2018-01-08 15:09:48,50
"15632896","Change quantity",2018-01-08 15:09:48,170
"15632896","Goods delivered",2018-01-10 00:00:00,60
"15697191","Order received",2017-08-30 14:01:05,0
"15697191","Change production start date",2017-08-30 14:01:05,90
"15697191","Check Credit Score",2017-08-30 14:01:08,19
"15697191","Confirm sale",2017-08-30 14:14:26,10
"15697191","Start production",2017-12-11 00:00:00,30
"15697191","Finished production",2017-12-12 00:00:00,40
"15697191","Change quantity",2018-01-03 00:28:25,170
"15697191","Change quantity",2018-01-08 16:33:57,170
"15697191","Load shipment",2018-01-09 12:35:52,50
"15697191","Change delivery date",2018-01-09 12:35:52,100
"15697191","Goods delivered",2018-01-17 00:00:00,60
"15683691","Start production",2017-07-13 00:00:00,30
"15683691","Order received",2017-09-11 00:00:00,0
"15683691","Credit order block",2017-09-12 13:03:18,20
"15683691","Change production start date",2017-09-12 13:03:18,90
"15683691","Change price",2017-09-12 13:03:40,80
"15683691","Check Credit Score",2017-09-12 13:18:51,19
"15683691","Confirm sale",2017-09-12 17:00:17,10
"15683691","Load shipment",2018-01-11 12:17:42,50
"15683691","Change quantity",2018-01-11 12:17:42,170
"15683691","Finished production",2018-01-12 00:00:00,40
"15683691","Goods delivered",2018-03-08 00:00:00,60
"15683692","Order received",2017-09-11 00:00:00,0
"15683692","Credit order block",2017-09-12 13:03:51,20
"15683692","Change production start date",2017-09-12 13:03:51,90
"15683692","Change price",2017-09-12 13:04:02,80
"15683692","Check Credit Score",2017-09-12 13:18:52,19
"15683692","Confirm sale",2017-09-12 17:00:17,10
"15683692","Start production",2018-01-02 00:00:00,30
"15683692","Change quantity",2018-01-09 00:23:14,170
"15683692","Load shipment",2018-01-11 12:17:45,50
"15683692","Change quantity",2018-01-11 12:17:45,170
"15683692","Finished production",2018-01-12 00:00:00,40
"15683692","Goods delivered",2018-03-08 00:00:00,60
"15625391","Order received",2017-09-14 11:41:37,0
"15625391","Change price",2017-09-14 11:41:37,80
"15625391","Change production start date",2017-09-14 11:43:30,90
"15625391","Change delivery date",2017-09-14 11:43:30,100
"15625391","Check Credit Score",2017-09-14 16:04:29,19
"15625391","Confirm sale",2017-09-18 09:05:53,10
"15625391","Start production",2017-11-13 00:00:00,30
"15625391","Change quantity",2018-01-07 00:24:44,170
"15625391","Finished production",2018-01-11 00:00:00,40
"15625391","Load shipment",2018-01-12 12:26:59,50
"15625391","Goods delivered",2018-01-12 12:26:59,60
"15625391","Change quantity",2018-01-12 12:26:59,170
"15625091","Change production start date",2017-09-14 16:28:16,90
"15625091","Change delivery date",2017-09-18 12:49:06,100
"15625091","Change production start date",2017-09-18 12:49:13,90
"15625091","Check Credit Score",2017-09-18 12:49:16,19
"15625091","Confirm sale",2017-09-20 10:08:11,10
"15625091","Change delivery date",2017-10-05 14:57:30,100
"15625091","Start production",2017-10-20 00:00:00,30
"15625091","Change production start date",2017-11-16 09:39:31,90
"15625091","Change quantity",2017-12-18 13:12:03,170
"15625091","Change quantity",2018-04-19 15:05:00,170
"15625091","Change production start date",2018-10-16 14:45:08,90
"15625091","Change delivery date",2018-10-16 14:45:08,100
"15625091","Order received",2018-10-23 10:18:24,0
"15625091","Change quantity",2018-10-23 10:18:24,170
"15625091","Change production start date",2018-10-23 10:19:17,90
"15625091","Change delivery date",2018-10-23 10:19:17,100
"15625091","Finished production",2018-10-26 12:25:24,40
"15625091","Load shipment",2018-10-26 12:25:24,50
"15625091","Change quantity",2018-10-26 12:25:24,170
"15625091","Goods delivered",2018-10-29 00:00:00,60
"15625093","Start production",2017-10-20 00:00:00,30
"15625093","Order received",2017-12-18 13:10:26,0
"15625093","Change production start date",2017-12-18 13:11:00,90
"15625093","Change delivery date",2017-12-18 13:11:00,100
"15625093","Change price",2017-12-18 13:11:09,80
"15625093","Check Credit Score",2017-12-18 13:12:09,19
"15625093","Confirm sale",2017-12-19 11:39:14,10
"15625093","Finished production",2018-01-19 00:00:00,40
"15625093","Load shipment",2018-01-22 00:00:00,50
"15625093","Goods delivered",2018-01-23 00:00:00,60
"15625094","Start production",2017-10-20 00:00:00,30
"15625094","Order received",2018-04-19 08:54:25,0
"15625094","Change production start date",2018-04-19 08:54:25,90
"15625094","Change delivery date",2018-04-19 08:54:25,100
"15625094","Change price",2018-04-19 08:54:42,80
"15625094","Check Credit Score",2018-04-19 08:59:29,19
"15625094","Confirm sale",2018-04-19 15:03:10,10
"15625094","Finished production",2018-05-01 00:00:00,40
"15625094","Load shipment",2018-05-02 00:00:00,50
"15625094","Goods delivered",2018-05-03 00:00:00,60
"15755591","Start production",2017-09-13 00:00:00,30
"15755591","Order received",2017-09-26 09:19:32,0
"15755591","Check Credit Score",2017-09-26 09:19:32,19
"15755591","Change production start date",2017-09-26 09:19:32,90
"15755591","Confirm sale",2017-09-27 08:02:21,10
"15755591","Change quantity",2017-10-11 07:55:45,170
"15755591","Change production start date",2017-10-24 08:19:50,90
"15755591","Change delivery date",2017-10-24 08:19:50,100
"15755591","Change production start date",2017-12-12 11:04:30,90
"15755591","Change price",2017-12-12 11:04:37,80
"15755591","Finished production",2018-01-02 13:02:15,40
"15755591","Load shipment",2018-01-02 13:02:15,50
"15755591","Goods delivered",2018-01-04 00:00:00,60
"15755991","Order received",2017-09-21 00:00:00,0
"15755991","Change production start date",2017-09-26 12:51:27,90
"15755991","Check Credit Score",2017-09-26 12:51:28,19
"15755991","Confirm sale",2017-10-02 09:14:16,10
"15755991","Start production",2017-11-23 00:00:00,30
"15755991","Finished production",2018-01-11 00:00:00,40
"15755991","Load shipment",2018-01-15 17:58:40,50
"15755991","Change quantity",2018-01-15 17:58:40,170
"15755991","Goods delivered",2018-01-16 00:00:00,60
"15753791","Order received",2017-09-26 00:00:00,0
"15753791","Credit order block",2017-09-27 16:27:24,20
"15753791","Change price",2017-09-27 16:27:24,80
"15753791","Check Credit Score",2017-09-27 16:30:17,19
"15753791","Change production start date",2017-09-27 16:31:30,90
"15753791","Confirm sale",2017-09-29 12:42:57,10
"15753791","Start production",2017-10-24 00:00:00,30
"15753791","Change quantity",2017-11-14 09:17:54,170
"15753791","Change quantity",2017-11-15 03:22:19,170
"15753791","Finished production",2017-11-21 00:00:00,40
"15753791","Load shipment",2018-01-17 00:00:00,50
"15753791","Goods delivered",2018-01-17 00:00:00,60
"15759394","Start production",2017-08-21 00:00:00,30
"15759394","Order received",2017-09-27 00:00:00,0
"15759394","Change price",2017-10-03 07:54:22,80
"15759394","Change production start date",2017-10-03 07:55:33,90
"15759394","Check Credit Score",2017-10-03 07:55:45,19
"15759394","Confirm sale",2017-10-03 12:46:44,10
"15759394","Finished production",2017-12-06 00:00:00,40
"15759394","Change delivery date",2017-12-13 16:08:33,100
"15759394","Change delivery date",2018-01-05 13:48:22,100
"15759394","Load shipment",2018-01-23 10:04:58,50
"15759394","Goods delivered",2018-01-23 10:04:58,60
"15759394","Change quantity",2018-01-23 10:04:58,170
"15750191","Order received",2017-09-29 08:02:49,0
"15750191","Credit order block",2017-09-29 08:02:49,20
"15750191","Change price",2017-09-29 08:02:49,80
"15750191","Change production start date",2017-09-29 08:05:17,90
"15750191","Check Credit Score",2017-09-29 08:05:18,19
"15750191","Confirm sale",2017-10-02 08:47:49,10
"15750191","Change price",2017-10-04 13:04:57,80
"15750191","Change price",2017-10-16 10:19:58,80
"15750191","Change quantity",2017-10-16 10:19:58,170
"15750191","Change delivery date",2017-10-30 08:21:36,100
"15750191","Start production",2017-11-06 00:00:00,30
"15750191","Finished production",2017-11-27 00:00:00,40
"15750191","Change delivery date",2018-01-03 15:44:12,100
"15750191","Load shipment",2018-01-12 12:45:26,50
"15750191","Change quantity",2018-01-12 12:45:26,170
"15750191","Goods delivered",2018-01-16 00:00:00,60
"15752891","Order received",2017-09-27 00:00:00,0
"15752891","Change price",2017-10-02 10:57:21,80
"15752891","Check Credit Score",2017-10-02 10:59:39,19
"15752891","Change production start date",2017-10-02 10:59:39,90
"15752891","Change delivery date",2017-10-02 11:11:08,100
"15752891","Confirm sale",2017-10-02 11:13:35,10
"15752891","Start production",2017-11-10 00:00:00,30
"15752891","Finished production",2018-01-05 00:00:00,40
"15752891","Load shipment",2018-01-08 11:34:54,50
"15752891","Change quantity",2018-01-08 11:34:54,170
"15752891","Goods delivered",2018-01-09 00:00:00,60
"15752892","Order received",2017-09-27 00:00:00,0
"15752892","Change price",2017-10-02 10:58:33,80
"15752892","Change quantity",2017-10-02 10:58:33,170
"15752892","Check Credit Score",2017-10-02 10:59:39,19
"15752892","Change production start date",2017-10-02 10:59:39,90
"15752892","Change delivery date",2017-10-02 11:11:16,100
"15752892","Confirm sale",2017-10-02 11:13:35,10
"15752892","Start production",2017-12-14 00:00:00,30
"15752892","Finished production",2018-01-05 00:27:53,40
"15752892","Change quantity",2018-01-04 00:27:53,170
"15752892","Load shipment",2018-01-08 11:34:56,50
"15752892","Change quantity",2018-01-08 11:34:56,170
"15752892","Goods delivered",2018-01-09 00:00:00,60
"15752291","Order received",2017-09-28 00:00:00,0
"15752291","Change quantity",2017-10-02 11:09:51,170
"15752291","Change price",2017-10-02 11:11:41,80
"15752291","Change production start date",2017-10-03 11:00:41,90
"15752291","Change delivery date",2017-10-04 12:33:27,100
"15752291","Check Credit Score",2017-10-04 12:34:02,19
"15752291","Change delivery date",2017-10-05 14:21:12,100
"15752291","Change production start date",2017-10-09 11:05:26,90
"15752291","Change delivery date",2017-10-09 11:13:13,100
"15752291","Confirm sale",2017-10-09 11:14:01,10
"15752291","Change delivery date",2017-10-13 09:30:25,100
"15752291","Change production start date",2017-11-02 09:41:20,90
"15752291","Change price",2017-11-15 10:35:14,80
"15752291","Change quantity",2017-11-15 10:35:14,170
"15752291","Change price",2017-12-04 10:45:39,80
"15752291","Change quantity",2017-12-04 10:45:39,170
"15752291","Change price",2018-01-08 13:22:40,80
"15752291","Change quantity",2018-01-08 13:22:40,170
"15752291","Change price",2018-01-22 09:19:15,80
"15752291","Change quantity",2018-01-22 09:19:15,170
"15752291","Change production start date",2018-01-22 09:19:53,90
"15752291","Change delivery date",2018-01-22 09:19:53,100
"15752291","Change delivery date",2018-01-23 10:27:33,100
"15752291","Change production start date",2018-02-09 14:57:04,90
"15752291","Change delivery date",2018-02-09 14:57:04,100
"15752291","Finished production",2018-02-13 00:00:00,40
"15752291","Start production",2018-02-14 00:00:00,30
"15752291","Load shipment",2018-02-24 10:16:10,50
"15752291","Goods delivered",2018-02-27 00:00:00,60
"15752293","Order received",2017-09-28 00:00:00,0
"15752293","Change production start date",2017-12-01 09:30:05,90
"15752293","Change delivery date",2017-12-01 09:39:14,100
"15752293","Check Credit Score",2017-12-01 13:31:19,19
"15752293","Confirm sale",2017-12-04 10:33:44,10
"15752293","Start production",2017-12-11 00:00:00,30
"15752293","Finished production",2018-01-05 00:00:00,40
"15752293","Load shipment",2018-01-08 16:42:47,50
"15752293","Change price",2018-01-08 16:42:47,80
"15752293","Change quantity",2018-01-08 16:42:47,170
"15752293","Goods delivered",2018-01-09 00:00:00,60
"15754691","Order received",2017-09-27 00:00:00,0
"15754691","Check Credit Score",2017-10-02 16:07:20,19
"15754691","Change production start date",2017-10-02 16:07:20,90
"15754691","Confirm sale",2017-10-04 14:20:52,10
"15754691","Start production",2017-11-23 00:00:00,30
"15754691","Change quantity",2017-12-15 09:33:27,170
"15754691","Finished production",2018-01-03 00:00:00,40
"15754691","Change delivery date",2018-01-05 13:49:33,100
"15754691","Load shipment",2018-01-23 10:04:59,50
"15754691","Goods delivered",2018-01-23 10:04:59,60
"15754691","Change quantity",2018-01-23 10:04:59,170
"15754692","Start production",2017-09-13 00:00:00,30
"15754692","Order received",2017-09-27 00:00:00,0
"15754692","Check Credit Score",2017-10-02 16:07:20,19
"15754692","Change production start date",2017-10-02 16:07:20,90
"15754692","Confirm sale",2017-10-04 14:20:52,10
"15754692","Change quantity",2017-10-04 14:46:48,170
"15754692","Change quantity",2017-12-14 00:22:11,170
"15754692","Finished production",2018-01-03 00:00:00,40
"15754692","Change delivery date",2018-01-05 13:49:33,100
"15754692","Load shipment",2018-01-23 10:04:59,50
"15754692","Goods delivered",2018-01-23 10:04:59,60
"15754692","Change quantity",2018-01-23 10:04:59,170
"15754693","Order received",2017-09-27 00:00:00,0
"15754693","Change production start date",2017-10-02 16:05:56,90
"15754693","Check Credit Score",2017-10-02 16:07:21,19
"15754693","Confirm sale",2017-10-04 14:20:52,10
"15754693","Start production",2017-11-30 00:00:00,30
"15754693","Finished production",2018-01-03 00:00:00,40
"15754693","Change delivery date",2018-01-05 13:49:33,100
"15754693","Load shipment",2018-01-23 10:05:00,50
"15754693","Goods delivered",2018-01-23 10:05:00,60
"15754693","Change quantity",2018-01-23 10:05:00,170
"15754693","Change quantity",2018-03-12 10:54:30,170
"15754694","Order received",2017-09-27 00:00:00,0
"15754694","Change production start date",2017-10-02 16:06:36,90
"15754694","Check Credit Score",2017-10-02 16:07:21,19
"15754694","Confirm sale",2017-10-04 14:20:52,10
"15754694","Start production",2017-11-30 00:00:00,30
"15754694","Change quantity",2017-12-15 07:44:58,170
"15754694","Change quantity",2017-12-18 09:49:43,170
"15754694","Finished production",2018-01-03 00:00:00,40
"15754694","Change delivery date",2018-01-05 13:49:33,100
"15754694","Load shipment",2018-01-23 10:05:01,50
"15754694","Goods delivered",2018-01-23 10:05:01,60
"15754694","Change quantity",2018-01-23 10:05:01,170
"15754694","Change quantity",2018-03-12 11:45:19,170
"15711592","Order received",2017-10-02 00:00:00,0
"15711592","Change price",2017-10-05 11:25:09,80
"15711592","Change production start date",2017-10-05 11:26:28,90
"15711592","Check Credit Score",2017-10-05 11:26:29,19
"15711592","Confirm sale",2017-10-06 12:50:36,10
"15711592","Start production",2017-11-02 00:00:00,30
"15711592","Finished production",2017-12-21 00:00:00,40
"15711592","Change quantity",2018-01-07 00:24:06,170
"15711592","Load shipment",2018-01-16 11:34:49,50
"15711592","Change quantity",2018-01-16 11:34:49,170
"15711592","Goods delivered",2018-01-17 00:00:00,60
"15716491","Order received",2017-10-05 00:00:00,0
"15716491","Change production start date",2017-10-06 12:37:12,90
"15716491","Check Credit Score",2017-10-06 12:37:27,19
"15716491","Confirm sale",2017-10-09 10:47:02,10
"15716491","Start production",2017-12-01 00:00:00,30
"15716491","Load shipment",2018-01-12 00:00:00,50
"15716491","Change quantity",2018-01-13 08:53:10,170
"15716491","Finished production",2018-01-16 00:00:00,40
"15716491","Goods delivered",2018-01-16 00:00:00,60
"15717892","Order received",2017-09-15 00:00:00,0
"15717892","Change quantity",2017-10-06 11:58:16,170
"15717892","Change price",2017-10-06 14:03:14,80
"15717892","Change production start date",2017-10-24 16:48:25,90
"15717892","Change price",2017-10-25 09:27:35,80
"15717892","Change quantity",2017-10-25 09:27:35,170
"15717892","Check Credit Score",2017-10-26 08:40:18,19
"15717892","Change delivery date",2017-10-31 10:09:07,100
"15717892","Change production start date",2017-10-31 10:09:08,90
"15717892","Confirm sale",2017-10-31 10:12:03,10
"15717892","Start production",2017-12-11 00:00:00,30
"15717892","Change price",2018-01-15 12:45:08,80
"15717892","Change quantity",2018-01-15 12:45:08,170
"15717892","Finished production",2018-01-17 00:00:00,40
"15717892","Load shipment",2018-01-26 00:00:00,50
"15717892","Goods delivered",2018-02-01 00:00:00,60
"15710891","Order received",2017-10-10 14:11:45,0
"15710891","Change price",2017-10-10 14:11:45,80
"15710891","Check Credit Score",2017-10-10 14:21:25,19
"15710891","Confirm sale",2017-10-11 15:27:47,10
"15710891","Change price",2017-12-14 15:01:42,80
"15710891","Start production",2018-01-02 00:00:00,30
"15710891","Finished production",2018-01-12 16:45:12,40
"15710891","Load shipment",2018-01-12 16:45:12,50
"15710891","Goods delivered",2018-01-12 16:45:12,60
"15710891","Change quantity",2018-01-12 16:45:12,170
"15710891","Change quantity",2018-01-15 07:53:57,170
"15718491","Order received",2017-10-11 15:21:31,0
"15718491","Check Credit Score",2017-10-11 15:21:31,19
"15718491","Confirm sale",2017-10-12 08:40:58,10
"15718491","Start production",2017-12-13 00:00:00,30
"15718491","Change quantity",2018-01-03 08:36:29,170
"15718491","Finished production",2018-01-05 18:34:18,40
"15718491","Change quantity",2018-01-05 18:34:44,170
"15718491","Load shipment",2018-01-08 09:11:36,50
"15718491","Goods delivered",2018-01-08 09:11:36,60
"15712391","Order received",2017-10-12 09:33:02,0
"15712391","Change price",2017-10-12 09:33:02,80
"15712391","Check Credit Score",2017-10-12 09:38:35,19
"15712391","Confirm sale",2017-10-12 09:45:37,10
"15712391","Change production start date",2017-10-12 09:46:33,90
"15712391","Change delivery date",2017-10-12 09:46:33,100
"15712391","Start production",2017-11-16 00:00:00,30
"15712391","Change quantity",2017-11-27 08:27:23,170
"15712391","Change production start date",2017-12-05 11:28:19,90
"15712391","Change delivery date",2017-12-05 11:28:19,100
"15712391","Finished production",2018-01-26 08:14:59,40
"15712391","Change production start date",2018-01-26 08:14:59,90
"15712391","Change delivery date",2018-01-26 08:14:59,100
"15712391","Load shipment",2018-01-30 09:41:17,50
"15712391","Goods delivered",2018-01-30 09:41:17,60
"15712393","Start production",2017-11-16 00:00:00,30
"15712393","Order received",2017-11-27 16:09:34,0
"15712393","Change price",2017-11-27 16:09:34,80
"15712393","Change production start date",2017-11-27 16:10:05,90
"15712393","Change delivery date",2017-11-27 16:10:20,100
"15712393","Check Credit Score",2017-11-27 16:13:31,19
"15712393","Confirm sale",2017-11-28 11:01:23,10
"15712393","Finished production",2018-01-05 00:00:00,40
"15712393","Load shipment",2018-01-08 17:46:21,50
"15712393","Goods delivered",2018-01-09 00:00:00,60
"15714991","Order received",2017-10-10 00:00:00,0
"15714991","Change price",2017-10-12 11:46:18,80
"15714991","Change quantity",2017-10-12 11:46:18,170
"15714991","Change production start date",2017-10-12 16:59:38,90
"15714991","Check Credit Score",2017-10-12 16:59:40,19
"15714991","Confirm sale",2017-10-18 14:57:32,10
"15714991","Start production",2017-10-18 14:57:32,30
"15714991","Finished production",2017-12-20 00:00:00,40
"15714991","Load shipment",2018-01-02 13:30:53,50
"15714991","Change quantity",2018-01-02 13:30:53,170
"15714991","Goods delivered",2018-01-04 00:00:00,60
"15714891","Order received",2017-10-12 13:24:32,0
"15714891","Credit order block",2017-10-12 13:24:32,20
"15714891","Change price",2017-10-12 13:24:32,80
"15714891","Check Credit Score",2017-10-12 13:33:41,19
"15714891","Change production start date",2017-10-12 13:33:41,90
"15714891","Confirm sale",2017-10-17 14:01:38,10
"15714891","Start production",2017-12-08 00:00:00,30
"15714891","Finished production",2018-01-03 00:00:00,40
"15714891","Load shipment",2018-01-04 00:27:34,50
"15714891","Change quantity",2018-01-03 00:27:34,170
"15714891","Change quantity",2018-01-04 11:57:32,170
"15714891","Goods delivered",2018-01-08 00:00:00,60
"15714892","Order received",2017-10-12 13:24:42,0
"15714892","Credit order block",2017-10-12 13:24:42,20
"15714892","Change price",2017-10-12 13:24:50,80
"15714892","Change production start date",2017-10-12 13:33:42,90
"15714892","Check Credit Score",2017-10-12 13:33:43,19
"15714892","Confirm sale",2017-10-17 14:01:38,10
"15714892","Start production",2017-12-06 00:00:00,30
"15714892","Finished production",2018-01-03 00:00:00,40
"15714892","Load shipment",2018-01-04 00:27:41,50
"15714892","Change quantity",2018-01-03 00:27:41,170
"15714892","Change quantity",2018-01-04 11:57:33,170
"15714892","Goods delivered",2018-01-08 00:00:00,60
"15714893","Order received",2017-10-12 13:23:40,0
"15714893","Credit order block",2017-10-12 13:23:40,20
"15714893","Change production start date",2017-10-12 13:23:40,90
"15714893","Change price",2017-10-12 13:25:02,80
"15714893","Check Credit Score",2017-10-12 13:33:43,19
"15714893","Confirm sale",2017-10-17 14:01:38,10
"15714893","Start production",2017-11-30 00:00:00,30
"15714893","Finished production",2018-01-03 00:00:00,40
"15714893","Load shipment",2018-01-04 11:57:34,50
"15714893","Change quantity",2018-01-04 00:27:31,170
"15714893","Goods delivered",2018-01-08 00:00:00,60
"15714291","Order received",2017-10-10 00:00:00,0
"15714291","Credit order block",2017-10-12 13:43:45,20
"15714291","Change price",2017-10-12 13:43:45,80
"15714291","Change production start date",2017-10-12 14:11:23,90
"15714291","Check Credit Score",2017-10-12 14:11:24,19
"15714291","Confirm sale",2017-10-12 14:27:22,10
"15714291","Start production",2017-12-14 00:00:00,30
"15714291","Change price",2017-12-15 12:17:11,80
"15714291","Change quantity",2018-01-03 00:28:07,170
"15714291","Load shipment",2018-01-05 15:08:08,50
"15714291","Change quantity",2018-01-05 15:08:08,170
"15714291","Finished production",2018-01-08 00:00:00,40
"15714291","Goods delivered",2018-01-10 00:00:00,60
"15765691","Order received",2017-10-10 00:00:00,0
"15765691","Credit order block",2017-10-12 14:03:55,20
"15765691","Change price",2017-10-12 14:03:55,80
"15765691","Check Credit Score",2017-10-12 14:11:31,19
"15765691","Change production start date",2017-10-12 14:11:31,90
"15765691","Confirm sale",2017-10-13 09:07:44,10
"15765691","Start production",2017-10-26 00:00:00,30
"15765691","Change price",2017-12-15 12:20:08,80
"15765691","Finished production",2018-01-11 00:00:00,40
"15765691","Change delivery date",2018-01-17 10:52:32,100
"15765691","Change quantity",2018-01-18 00:24:18,170
"15765691","Load shipment",2018-01-22 15:11:38,50
"15765691","Change quantity",2018-01-22 15:11:38,170
"15765691","Change quantity",2018-01-23 06:02:33,170
"15765691","Goods delivered",2018-01-24 00:00:00,60
"15765692","Order received",2017-10-10 00:00:00,0
"15765692","Change price",2017-10-12 14:04:39,80
"15765692","Change production start date",2017-10-12 14:11:32,90
"15765692","Check Credit Score",2017-10-12 14:12:55,19
"15765692","Confirm sale",2017-10-13 09:07:44,10
"15765692","Start production",2017-12-14 00:00:00,30
"15765692","Change price",2017-12-15 12:21:06,80
"15765692","Change quantity",2018-01-08 00:23:47,170
"15765692","Finished production",2018-01-11 00:00:00,40
"15765692","Load shipment",2018-01-12 00:00:00,50
"15765692","Goods delivered",2018-01-15 00:00:00,60
"15765692","Change quantity",2018-01-17 13:20:06,170
"15765791","Order received",2017-10-10 00:00:00,0
"15765791","Change price",2017-10-12 14:06:21,80
"15765791","Change production start date",2017-10-12 14:11:33,90
"15765791","Check Credit Score",2017-10-12 14:12:55,19
"15765791","Confirm sale",2017-10-13 09:11:47,10
"15765791","Change price",2017-12-15 12:18:36,80
"15765791","Start production",2017-12-18 00:00:00,30
"15765791","Finished production",2018-01-08 00:00:00,40
"15765791","Load shipment",2018-01-10 16:00:52,50
"15765791","Change quantity",2018-01-10 16:00:52,170
"15765791","Goods delivered",2018-01-12 00:00:00,60
"15765291","Order received",2017-10-12 00:00:00,0
"15765291","Check Credit Score",2017-10-13 14:15:50,19
"15765291","Change production start date",2017-10-13 14:15:50,90
"15765291","Change delivery date",2017-10-13 14:34:14,100
"15765291","Confirm sale",2017-10-13 14:35:43,10
"15765291","Start production",2018-01-08 00:00:00,30
"15765291","Change quantity",2018-01-16 00:24:03,170
"15765291","Finished production",2018-01-30 00:00:00,40
"15765291","Load shipment",2018-01-31 11:49:32,50
"15765291","Goods delivered",2018-01-31 11:49:32,60
"15765291","Change quantity",2018-01-31 11:49:32,170
"15767191","Order received",2017-10-16 11:14:11,0
"15767191","Change price",2017-10-16 11:14:11,80
"15767191","Change production start date",2017-10-16 11:15:27,90
"15767191","Check Credit Score",2017-10-16 11:15:28,19
"15767191","Confirm sale",2017-10-16 11:18:05,10
"15767191","Start production",2017-11-16 00:00:00,30
"15767191","Finished production",2018-01-09 00:00:00,40
"15767191","Load shipment",2018-01-12 12:27:00,50
"15767191","Goods delivered",2018-01-12 12:27:00,60
"15767191","Change price",2018-01-12 12:27:00,80
"15767191","Change quantity",2018-01-12 12:27:00,170
"15760291","Order received",2017-10-18 11:15:29,0
"15760291","Check Credit Score",2017-10-18 11:15:29,19
"15760291","Change production start date",2017-10-18 11:15:30,90
"15760291","Change delivery date",2017-10-18 14:33:51,100
"15760291","Confirm sale",2017-10-19 10:03:36,10
"15760291","Change production start date",2017-12-11 15:45:21,90
"15760291","Change delivery date",2017-12-11 15:45:21,100
"15760291","Change price",2017-12-12 11:18:55,80
"15760291","Start production",2018-01-15 15:54:51,30
"15760291","Change price",2018-01-15 15:54:51,80
"15760291","Change quantity",2018-01-15 15:54:51,170
"15760291","Change quantity",2018-03-09 08:42:13,170
"15760291","Finished production",2018-03-16 00:00:00,40
"15760291","Load shipment",2018-03-19 15:05:29,50
"15760291","Goods delivered",2018-03-20 00:00:00,60
"15760491","Order received",2017-10-18 11:15:30,0
"15760491","Check Credit Score",2017-10-18 11:15:30,19
"15760491","Start production",2017-10-18 11:15:30,30
"15760491","Change production start date",2017-10-18 11:15:31,90
"15760491","Confirm sale",2017-10-19 10:03:41,10
"15760491","Change quantity",2017-12-12 11:05:01,170
"15760491","Change price",2017-12-12 11:05:07,80
"15760491","Finished production",2018-01-02 13:02:16,40
"15760491","Load shipment",2018-01-02 13:02:16,50
"15760491","Change quantity",2018-01-02 13:02:16,170
"15760491","Goods delivered",2018-01-04 00:00:00,60
"15768191","Order received",2017-10-17 00:00:00,0
"15768191","Change price",2017-10-18 16:18:08,80
"15768191","Change quantity",2017-10-18 16:18:08,170
"15768191","Change production start date",2017-10-18 16:23:46,90
"15768191","Check Credit Score",2017-10-18 16:23:47,19
"15768191","Change production start date",2017-10-23 10:16:41,90
"15768191","Change delivery date",2017-10-23 10:16:41,100
"15768191","Confirm sale",2017-10-23 10:17:43,10
"15768191","Start production",2017-12-14 00:00:00,30
"15768191","Finished production",2018-01-12 00:00:00,40
"15768191","Load shipment",2018-01-15 16:10:23,50
"15768191","Change quantity",2018-01-15 16:10:23,170
"15768191","Goods delivered",2018-01-16 00:00:00,60
"15768192","Start production",2017-10-06 00:00:00,30
"15768192","Order received",2017-10-17 00:00:00,0
"15768192","Change price",2017-10-18 16:18:42,80
"15768192","Change quantity",2017-10-18 16:18:42,170
"15768192","Check Credit Score",2017-10-18 16:23:48,19
"15768192","Change production start date",2017-10-18 16:23:48,90
"15768192","Change delivery date",2017-10-18 16:27:29,100
"15768192","Confirm sale",2017-10-23 10:17:43,10
"15768192","Change quantity",2018-01-08 08:37:59,170
"15768192","Finished production",2018-01-12 00:00:00,40
"15768192","Load shipment",2018-01-15 16:10:25,50
"15768192","Change quantity",2018-01-15 16:10:25,170
"15768192","Goods delivered",2018-01-16 00:00:00,60
"15762091","Start production",2017-03-10 00:00:00,30
"15762091","Order received",2017-10-09 00:00:00,0
"15762091","Credit order block",2017-10-19 12:58:48,20
"15762091","Change quantity",2017-10-19 12:58:48,170
"15762091","Change price",2017-10-19 12:59:39,80
"15762091","Change production start date",2017-10-19 13:19:29,90
"15762091","Check Credit Score",2017-10-19 13:19:30,19
"15762091","Confirm sale",2017-10-25 09:53:27,10
"15762091","Finished production",2018-01-05 00:00:00,40
"15762091","Load shipment",2018-01-05 00:00:00,50
"15762091","Goods delivered",2018-01-08 00:00:00,60
"15762092","Start production",2017-01-20 00:00:00,30
"15762092","Order received",2017-10-09 00:00:00,0
"15762092","Credit order block",2017-10-19 13:19:30,20
"15762092","Change production start date",2017-10-19 13:19:30,90
"15762092","Check Credit Score",2017-10-19 13:19:31,19
"15762092","Change quantity",2017-10-24 13:25:29,170
"15762092","Confirm sale",2017-10-25 09:53:27,10
"15762092","Finished production",2018-01-05 13:01:07,40
"15762092","Load shipment",2018-01-05 13:01:07,50
"15762092","Goods delivered",2018-01-08 00:00:00,60
"15762093","Start production",2017-09-13 00:00:00,30
"15762093","Order received",2017-10-09 00:00:00,0
"15762093","Check Credit Score",2017-10-19 13:19:32,19
"15762093","Credit order block",2017-10-19 13:19:32,20
"15762093","Change production start date",2017-10-19 13:19:32,90
"15762093","Confirm sale",2017-10-25 09:53:27,10
"15762093","Finished production",2018-01-05 00:00:00,40
"15762093","Load shipment",2018-01-05 00:00:00,50
"15762093","Goods delivered",2018-01-08 00:00:00,60
"15762094","Start production",2017-03-01 00:00:00,30
"15762094","Order received",2017-10-09 00:00:00,0
"15762094","Credit order block",2017-10-19 13:19:32,20
"15762094","Change production start date",2017-10-19 13:19:32,90
"15762094","Check Credit Score",2017-10-19 13:19:33,19
"15762094","Confirm sale",2017-10-25 09:53:27,10
"15762094","Finished production",2018-01-05 00:00:00,40
"15762094","Load shipment",2018-01-05 00:00:00,50
"15762094","Goods delivered",2018-01-08 00:00:00,60
"15762095","Order received",2017-10-09 00:00:00,0
"15762095","Credit order block",2017-10-19 11:59:03,20
"15762095","Change quantity",2017-10-19 11:59:03,170
"15762095","Change price",2017-10-19 12:00:01,80
"15762095","Check Credit Score",2017-10-19 13:19:33,19
"15762095","Change production start date",2017-10-19 13:19:33,90
"15762095","Confirm sale",2017-10-25 09:53:28,10
"15762095","Change production start date",2017-11-07 14:37:35,90
"15762095","Change delivery date",2017-11-07 14:37:35,100
"15762095","Change production start date",2017-11-23 10:53:15,90
"15762095","Change delivery date",2017-11-23 10:53:15,100
"15762095","Change quantity",2017-11-24 17:51:57,170
"15762095","Change price",2017-11-24 17:52:21,80
"15762095","Start production",2018-01-03 00:00:00,30
"15762095","Finished production",2018-01-12 00:00:00,40
"15762095","Load shipment",2018-01-15 00:00:00,50
"15762095","Goods delivered",2018-01-17 00:00:00,60
"15762096","Order received",2017-10-09 00:00:00,0
"15762096","Credit order block",2017-10-19 12:01:34,20
"15762096","Change production start date",2017-10-19 12:01:34,90
"15762096","Check Credit Score",2017-10-19 13:19:34,19
"15762096","Change delivery date",2017-10-24 13:32:08,100
"15762096","Change production start date",2017-10-24 13:32:14,90
"15762096","Confirm sale",2017-10-25 09:53:28,10
"15762096","Change quantity",2017-11-01 09:07:38,170
"15762096","Start production",2018-01-12 00:00:00,30
"15762096","Finished production",2018-01-19 00:00:00,40
"15762096","Load shipment",2018-01-22 00:00:00,50
"15762096","Goods delivered",2018-01-24 00:00:00,60
"15762891","Order received",2017-10-09 00:00:00,0
"15762891","Credit order block",2017-10-19 12:47:44,20
"15762891","Change production start date",2017-10-19 12:47:44,90
"15762891","Check Credit Score",2017-10-19 13:19:36,19
"15762891","Confirm sale",2017-10-25 09:27:43,10
"15762891","Start production",2017-12-06 00:00:00,30
"15762891","Finished production",2018-01-05 13:01:14,40
"15762891","Load shipment",2018-01-05 13:01:14,50
"15762891","Goods delivered",2018-01-08 00:00:00,60
"15762892","Order received",2017-10-09 00:00:00,0
"15762892","Credit order block",2017-10-19 12:49:24,20
"15762892","Change production start date",2017-10-19 12:49:24,90
"15762892","Check Credit Score",2017-10-19 13:19:37,19
"15762892","Change delivery date",2017-10-24 13:30:20,100
"15762892","Change production start date",2017-10-24 13:31:01,90
"15762892","Confirm sale",2017-10-25 09:27:43,10
"15762892","Start production",2017-11-09 00:00:00,30
"15762892","Finished production",2018-01-19 00:00:00,40
"15762892","Load shipment",2018-01-22 13:55:21,50
"15762892","Goods delivered",2018-01-24 00:00:00,60
"15762893","Order received",2017-10-09 00:00:00,0
"15762893","Check Credit Score",2017-10-19 13:19:37,19
"15762893","Credit order block",2017-10-19 13:19:37,20
"15762893","Change production start date",2017-10-19 13:19:37,90
"15762893","Confirm sale",2017-10-25 09:27:43,10
"15762893","Start production",2017-10-26 00:00:00,30
"15762893","Change quantity",2017-12-19 14:54:38,170
"15762893","Finished production",2018-01-05 00:00:00,40
"15762893","Load shipment",2018-01-05 00:00:00,50
"15762893","Goods delivered",2018-01-08 00:00:00,60
"15762894","Start production",2017-04-13 00:00:00,30
"15762894","Order received",2017-10-09 00:00:00,0
"15762894","Check Credit Score",2017-10-19 13:19:38,19
"15762894","Credit order block",2017-10-19 13:19:38,20
"15762894","Change production start date",2017-10-19 13:19:38,90
"15762894","Confirm sale",2017-10-25 09:27:43,10
"15762894","Finished production",2018-01-05 13:01:16,40
"15762894","Load shipment",2018-01-05 13:01:16,50
"15762894","Goods delivered",2018-01-08 00:00:00,60
"15771891","Order received",2017-10-23 11:56:42,0
"15771891","Change price",2017-10-23 11:56:42,80
"15771891","Check Credit Score",2017-10-23 13:42:15,19
"15771891","Change production start date",2017-10-23 13:42:15,90
"15771891","Confirm sale",2017-10-23 13:43:05,10
"15771891","Change delivery date",2017-10-23 13:44:07,100
"15771891","Change quantity",2017-11-27 08:32:53,170
"15771891","Start production",2017-12-08 00:00:00,30
"15771891","Change quantity",2017-12-20 08:52:32,170
"15771891","Change production start date",2018-01-18 10:47:44,90
"15771891","Change delivery date",2018-01-18 10:47:44,100
"15771891","Change production start date",2018-02-13 10:43:37,90
"15771891","Change delivery date",2018-02-13 10:43:37,100
"15771891","Finished production",2018-03-23 00:00:00,40
"15771891","Load shipment",2018-03-26 00:00:00,50
"15771891","Goods delivered",2018-03-27 07:04:14,60
"15771892","Order received",2017-11-27 08:33:25,0